KOTKAB;AHH;GK;HLS;IPM;P0;P1;P2;PPK;RLS;UHH;PDRB
Simeulue;63,33;458896;13,9;66,41;18,98;2,37;0,5;7148;9,48;65,28;2440961,41
Aceh Singkil;65,4;487249;14,32;69,22;20,36;3,67;0,91;8776;8,68;67,43;2702914,47
Aceh Selatan;62,46;418689;14,6;67,44;13,18;1,69;0,4;8180;8,88;64,4;5960868,39
Aceh Tenggara;66,17;404725;14,01;69,44;13,41;2,51;0,71;8030;9,67;68,22;5401589,45
Aceh Timur;66,76;460422;13,04;67,83;14,45;2,31;0,54;8577;8,21;68,74;11654830,15
Aceh Tengah;66,8;505933;14,28;73,37;15,26;2,88;0,8;10780;9,86;68,86;7999947,6
Aceh Barat;65,96;533712;14,61;71,67;18,81;3,82;1,09;9593;9,55;67,99;10007107,86
Aceh Besar;67,8;489498;14,73;73,58;14,05;2,32;0,58;9644;10,33;69,79;14023478,15
Pidie;64,95;504452;14,47;70,7;19,59;3,04;0,84;9860;9;66,95;11322893,27
Bireuen;69,26;422685;14,84;72,33;13,25;2,07;0,4;8867;9,29;71,26;14056534,53
Aceh Utara;66,78;392412;14,71;69,46;17,43;2,17;0,43;8201;8,64;68,81;23192935,1
Aceh Barat Daya;63,1;406157;13,65;66,99;16,34;2,88;0,74;8428;8,67;65,06;4134847,2
Gayo Lues;63,55;438689;13,78;67,56;19,64;2,76;0,59;8856;8,4;65,53;2854808,79
Aceh Tamiang;67,59;479801;13,76;69,48;13,34;1,67;0,35;8367;8,91;69,63;8862480,82
Nagan Raya;67,24;508801;14,14;69,31;18,23;3,5;1,01;8292;8,69;69,24;9185404,46
Aceh Jaya;65,19;441706;13,99;69,84;13,23;2,06;0,5;9666;8,71;67,19;2851397,37
Bener Meriah;67,27;476074;13,47;73,27;19,16;4,62;1,51;11118;10;69,26;4961937,18
Pidie Jaya;68,21;495254;14,97;73,6;19,55;3,61;0,98;10290;9,34;70,18;3669650,72
Kota Banda Aceh;69,56;698617;17,8;85,71;7,61;1,12;0,36;16891;12,83;71,52;19943395,17
Kota Sabang;68,55;620373;14,13;76,11;15,32;2,8;0,82;11378;11,18;70,56;1596295,22
Kota Langsa;67,42;435438;15,63;77,44;10,96;1,53;0,33;12067;11,12;69,43;5748993,79
Kota Lhokseumawe;69,7;427045;15,21;77,57;11,16;1,87;0,54;11390;11,11;71,64;9422285,89
Kota Subulussalam;62,14;418643;14,62;65,27;17,65;2,29;0,48;7385;8,03;64,07;2102899,14
Nias;67,79;428739;12,84;62,74;16,82;2,21;0,43;6995;5,64;69,78;4221862,94
Mandailing Natal;60,74;423017;13,61;67,19;9,49;1,44;0,37;9771;8,63;62,65;14880421,96
Tapanuli Selatan;63,05;420431;13,35;70,33;8,8;1,53;0,4;11304;9,29;64,97;15471446,89
Tapanuli Tengah;65,19;429050;13,07;69,61;12,67;2,04;0,47;10138;8,84;67,24;10618746,39
Tapanuli Utara;66,72;437428;13,7;73,76;9,72;1,21;0,23;11710;9,99;68,76;8800075,99
Toba Samosir;68,22;435332;13,46;75,39;8,99;1,34;0,31;12224;10,57;70,29;8266129,67
Labuhan Batu;67,92;457021;12,74;72,09;8,74;1,32;0,29;11212;9,25;69,95;37606878,29
Asahan;66,34;377752;12,61;70,49;9,35;1,9;0,59;11030;8,8;68,37;41994241,94
Simalungun;69,38;416714;12,79;73,4;8,81;1,12;0,23;11376;9,61;71,37;42576878,66
Dairi;67,2;408893;13,11;71,84;8,31;1,24;0,28;10504;9,59;69,19;9710798,66
Karo;69,55;531519;12,77;74,83;8,79;1,23;0,29;12412;10;71,58;21824143,93
Deli Serdang;69,88;428123;13,36;75,53;4,01;0,56;0,13;12291;10,1;71,77;115306307,7
Langkat;66,98;432371;13,24;71,35;10,12;1,17;0,23;11142;8,66;68,97;46301203,75
Nias Selatan;66,87;329308;12,27;62,35;16,92;2,38;0,52;7041;6,06;68,86;7420629,16
Humbang Hasundutan;67,45;397237;13,29;69,41;9,65;1,25;0,26;8016;9,71;69,51;6356726,89
Pakpak Bharat;63,94;332644;13,87;67,94;9,35;1,05;0,2;8254;9,14;65,96;1270714,86
Samosir;69,39;370082;13,48;70,83;12,68;2,2;0,6;8504;9,44;71,41;4755233,29
Serdang Bedagai;66,86;448372;12,61;70,56;8,3;0,87;0,13;11017;8,69;68,82;30418853,85
Batu Bara;65,13;477564;12,64;68,58;12,38;1,99;0,51;10539;8,07;67,13;37197713,59
Padang Lawas Utara;65,2;401435;13,04;70,11;9,92;1,29;0,24;10055;9,38;67,22;13137918,34
Padang Lawas;65,18;388404;13,27;68,64;8,69;1,33;0,34;8921;9,02;67,13;13139141,72
Labuhan Batu Selatan;66,72;426574;13,01;71,69;8,53;1,22;0,26;11562;8,9;68,81;30754125,33
Labuhan Batu Utara;67,59;497922;13,19;71,87;10,02;1,07;0,22;11840;8,41;69,56;27400504,4
Nias Utara;67,52;455118;13,04;62,82;25,66;4,24;1,1;6155;6,77;69,55;3875066,13
Nias Barat;67,07;458533;12,95;61,99;26,42;3,32;0,76;5924;6,69;69,08;2019877,91
Kota Sibolga;67,29;485527;13,28;73,94;12,33;2,04;0,51;11540;10,41;69,25;5796108,12
Kota Tanjung Balai;61,58;482602;12,62;68,94;13,4;1,72;0,32;11225;9,45;63,44;9632703,56
Kota Pematang Siantar;71,9;583588;14,57;79,17;8,52;1,12;0,24;12436;11,29;73,77;14208225,58
Kota Tebing Tinggi;69,02;536531;12,73;75,42;10,3;1,37;0,28;12939;10,44;70,95;6349945,28
Kota Medan;71,37;577126;14,75;81,21;8,34;1,1;0,23;14999;11,48;73,23;254721318,8
Kota Binjai;70,54;466554;13,63;76,01;5,81;0,59;0,09;11063;10,94;72,45;12317148,23
Kota Padangsidimpuan;67,34;453777;14,56;75,48;7,53;1,17;0,28;10965;11,09;69,5;6784395,75
Kota Gunungsitoli;69,34;408190;13,75;69,61;16,45;2,66;0,68;8134;8,62;71,32;6017546,51
Kepulauan Mentawai;62,72;356403;12,89;61,35;14,84;2,43;0,63;6321;7,2;64,73;4843813,95
Pesisir Selatan;68,93;491573;13,33;70,03;7,92;0,87;0,15;9270;8,27;70,96;14927572,58
Solok;66,77;461030;13,05;69,24;8,01;0,91;0,15;10215;7,87;68,79;14178062,2
Sijunjung;64,38;455346;12,38;67,86;6,8;0,86;0,17;10389;8,12;66,36;9566572,91
Tanah Datar;68,12;441793;14,34;72,46;4,54;0,64;0,13;10616;8,62;70,12;13590935,7
Padang Pariaman;66,94;475342;13,68;70,76;7,22;0,81;0,16;11050;7,88;68,97;18455088,03
Agam;70,58;444711;13,88;72,57;6,85;0,98;0,23;9662;8,97;72,53;21351359,64
Lima Puluh Kota;67,84;475123;13,3;69,68;7,29;1,21;0,3;9668;8,07;69,84;16182473,43
Pasaman;65,53;408293;12,81;66,77;7,48;0,67;0,13;8440;8,1;67,59;9433249,73
Solok Selatan;65,94;438187;12,72;69,23;7,52;1,28;0,31;10367;8,32;68,01;5777977,93
Dharmasraya;69,55;503183;12,44;71,76;6,67;0,75;0,12;11324;8,55;71,53;10754664,96
Pasaman Barat;65,69;492467;13,68;68,76;7,51;1,24;0,29;9089;8,27;67,94;15931875,79
Kota Padang;71,83;602540;16,53;82,9;4,94;0,67;0,13;14540;11,59;73,69;65179471,01
Kota Solok;71,83;464977;14,33;78,41;3,12;0,28;0,05;12168;11,04;73,73;4251892,56
Kota Sawah Lunto;68,15;412757;13,18;72,88;2,38;0,33;0,06;10195;10,32;70,1;3850697,74
Kota Padang Panjang;70,87;516648;15,07;77,97;5,92;0,76;0,16;10754;11,63;72,82;3651118,22
Kota Bukittinggi;72,66;540457;14,98;80,7;5,14;0,8;0,19;13331;11,34;74,5;9026564,58
Kota Payakumbuh;71,96;543335;14,27;79,08;6,16;0,82;0,17;13317;10,81;73,84;7303109,35
Kota Pariaman;68,26;495386;14,55;77,07;4,38;0,36;0,08;12818;10,67;70,38;5258657,04
Kuantan Singingi;66,43;599163;13,34;70,6;8,97;1,14;0,23;10309;8,75;68,6;38769359,13
Indragiri Hulu;68,24;549563;12,46;70,01;6,18;0,81;0,15;10260;8,39;70,26;47761636,02
Indragiri Hilir;65,94;518283;11,93;66,63;6,18;0,9;0,21;9945;7,24;67,98;73393634,02
Pelalawan;69,25;618738;12,41;72,08;9,63;1,45;0,32;11672;8,7;71,24;57618561,1
Siak;69,16;489467;12,81;73,98;5,18;0,61;0,12;11807;9,86;71,13;89636127,78
Kampar;68,81;477603;13,55;73,02;7,82;0,99;0,21;10858;9,27;70,83;86455977,62
Rokan Hulu;68,18;551351;12,85;69,67;10,4;1,51;0,36;9406;8,54;70,18;42177506,45
Bengkalis;69,28;604925;12,88;73,58;6,64;0,73;0,13;11415;9,7;71,24;139613491,4
Rokan Hilir;68,41;437398;12,76;69,34;7,18;0,79;0,18;9417;8,26;70,39;80102629,39
Kepulauan Meranti;65,77;542599;12,83;65,7;25,68;4,46;1,22;7780;7,84;67,78;21093086,19
Kota Pekanbaru;70,51;613183;15,55;81,58;2,83;0,19;0,03;14360;11,92;72,41;126530123,1
Kota Dumai;68,98;509002;13,31;74,75;3,42;0,4;0,07;11818;10,14;70,98;39946105,99
Kerinci;68,04;396168;13,88;71,45;7,71;0,81;0,15;10184;8,56;70;11237959,76
Merangin;69,4;453696;12,04;69,53;9,11;1,25;0,25;10380;7,9;71,29;17837616,79
Sarolangun;67,13;472866;12,28;70,25;8,87;1,13;0,21;11792;8,04;69,21;16558802,07
Batang Hari;68,7;462468;12,93;70,11;10,05;1,27;0,24;10032;8,12;70,64;18809585,54
Muaro Jambi;69,42;425294;12,84;69,55;4,53;0,47;0,09;8825;8,58;71,32;27596969,47
Tanjung Jabung Timur;64,42;406772;12,17;64,91;11,39;2,07;0,61;9163;6,92;66,34;21783617,19
Tanjung Jabung Barat;66,13;409631;12,63;68,16;10,75;1,96;0,53;9699;8;68,17;42080582,43
Tebo;67,96;448461;12,64;69,35;6,68;0,99;0,22;10546;7,59;70,02;16951480,67
Bungo;65,87;436020;12,63;70,15;6,23;0,92;0,18;11670;8,28;67,83;20089145,85
Kota Jambi;70,82;563403;15,37;79,12;9,02;1,42;0,34;12240;11,2;72,71;31893581,19
Kota Sungai Penuh;70,31;426380;14,8;75,7;3,41;0,43;0,11;10454;10,33;72,21;7980858,72
Ogan Komering Ulu;65,99;481139;12,83;69,6;12,62;1,83;0,36;10040;8,71;68,24;15731556,98
Ogan Komering Ilir;66,44;393240;11,68;67,17;14,68;3,52;1,16;10755;7,05;68,67;31284659,12
Muara Enim;67,37;405782;11,98;68,86;12,32;1,66;0,32;10995;7,8;69,02;69651968,07
Lahat;64,17;485142;12,35;67,58;16,46;3,14;0,81;9735;8,52;66,16;19515736,56
Musi Rawas;66,21;493675;12,19;67,01;13,89;2,43;0,63;9550;7,53;68,26;20415494,66
Musi Banyuasin;66,61;537774;12,29;68,1;15,84;3,1;0,83;10140;7,63;68,84;72744724,68
Banyu Asin;66,83;445089;11,77;67,13;10,75;2;0,45;9860;7,44;69,06;30993963,76
Ogan Komering Ulu Selatan;65,08;359859;11,76;65,34;11,12;1,28;0,24;8585;7,85;67,07;9531358,4
Ogan Komering Ulu Timur;67,17;362446;12,45;69,58;10,6;1,3;0,23;11531;7,56;69,17;16244760,05
Ogan Ilir;63,63;492537;12,31;67,17;13,82;2,55;0,59;10454;7,87;65,6;12050381,28
Empat Lawang;63,2;360378;12,07;65,39;13,35;1,84;0,42;9400;7,64;65,13;5392035,97
Penukal Abab Lematang Ilir;66,1;435379;12,17;64,88;12,91;1,84;0,47;8210;7,05;68,33;7527336,06
Musi Rawas Utara;63,8;532273;11,58;64,93;20,11;3,02;0,73;9855;7,09;65,76;7745107,6
Kota Palembang;69,01;567518;14,42;78,72;11,34;1,86;0,49;14704;10,75;71,01;162137295,5
Kota Prabumulih;68,47;592210;12,92;74,67;12,2;1,2;0,18;12752;9,97;70,47;8346926,47
Kota Pagar Alam;64,86;356287;13,05;68,68;9,4;1,03;0,2;8877;9,4;66,85;3002935,38
Kota Lubuklinggau;67,26;516763;13,38;74,89;13,23;1,97;0,46;13267;9,9;69,39;7030467,87
Bengkulu Selatan;65,86;408904;13,62;70,75;18,16;3,28;0,82;9916;9,27;67,93;6196612,34
Rejang Lebong;66,85;487490;13,93;70,77;15,85;2,04;0,4;10323;8,33;68,75;10091527,86
Bengkulu Utara;66,2;398746;12,88;69,28;11,61;2,67;0,77;10410;8,09;68,27;9854645,73
Kaur;64,83;350794;13,06;67,17;18,62;4,09;1,28;8638;8,38;66,73;3900866,44
Seluma;65,94;414446;13,29;67,03;18,72;2,7;0,61;8256;8;67,9;5053600,65
Mukomuko;64,8;464473;12,74;68,64;11,93;1,88;0,48;10405;8,3;66,73;5693090,06
Lebong;61,29;440127;12,58;67,46;12;1,42;0,29;11317;8,18;63,4;3627781,81
Kepahiang;66,13;410569;13,12;68,62;14,83;1,62;0,36;9377;8,29;68,08;4748460,94
Bengkulu Tengah;66,14;447435;13,28;67,96;9,68;1,19;0,23;9471;7,48;68,19;5466242,46
Kota Bengkulu;68,28;740612;16,03;80,54;17,89;3,31;0,87;14108;11,8;70,2;24974924,45
Lampung Barat;65,58;457478;12,26;67,9;12,82;2,69;0,8;9969;8,07;67,65;7482740,24
Tanggamus;66,67;410510;12,19;66,65;11,81;1,26;0,23;9266;7,34;68,67;16337174,45
Lampung Selatan;67,4;439421;12,52;68,49;14,19;2,37;0,6;9931;7,7;69,42;46426125,14
Lampung Timur;68,77;411200;12,86;69,66;15,08;2,45;0,53;10026;7,77;70,78;43850059,63
Lampung Tengah;67,84;450232;12,93;70,23;11,99;1,76;0,44;11259;7,59;69,87;74335949,95
Lampung Utara;67,26;451876;12,49;67,89;19,63;3,3;0,82;8737;8,34;69,3;24865074,77
Way Kanan;67,41;389088;12,37;67,57;13,09;2,12;0,55;9173;7,71;69,46;14661891,51
Tulangbawang;67,98;456567;11,95;68,73;9,67;1,15;0,2;10735;7,55;70,01;24164764,55
Pesawaran;67,12;420032;12,59;66,14;15,11;2,3;0,57;7934;7,71;69,15;16845043,63
Pringsewu;68,25;475983;12,84;70,45;10,11;1,38;0,26;10302;8,39;70,27;11662927,85
Mesuji;66,18;436653;11,64;64,04;7,54;0,83;0,15;7980;7,08;68,26;10894431,59
Tulang Bawang Barat;68,02;447327;12,06;66,22;8,32;0,68;0,12;8422;7,39;70,03;11960549,91
Pesisir Barat;61,71;460090;12;64,3;14,81;2,39;0,59;8533;8,19;63,66;4896560,88
Kota Bandar Lampung;69,42;654576;14,7;77,58;9,11;1,52;0,39;12247;10,95;71,42;61525514,56
Kota Metro;69,69;417861;14,75;77,49;8,93;1,27;0,28;11916;10,97;71,66;6576893,19
Bangka;69,15;595429;12,78;72,46;4,81;0,39;0,06;12424;8,25;71,14;16166007,55
Belitung;69,09;830484;11,86;72,57;7,15;0,51;0,06;13563;8,47;71,1;11011041,86
Bangka Barat;68,07;599887;11,7;69,6;2,75;0,25;0,04;12269;7,44;70,08;15431570,35
Bangka Tengah;69,57;735479;12,1;70,89;5,13;0,63;0,11;12945;7,2;71,52;9372097,88
Bangka Selatan;66,26;581970;11,38;67,06;3,69;0,35;0,06;11768;6,71;68,35;9776172,96
Belitung Timur;70,15;798017;11,63;71,42;7,2;1,15;0,29;11760;8,47;72,1;8882481,99
Kota Pangkal Pinang;71,48;808839;13,16;78,57;4,76;0,57;0,13;15716;10,13;73,41;15375991,21
Karimun;69,11;422961;12,57;71,7;6,85;1,14;0,34;11879;8,18;71,11;14195741,34
Bintan;68,41;424426;13,26;74,57;6,42;0,65;0,11;14393;8,67;70,46;21251125,59
Natuna;63,32;420503;13,91;73,09;4,95;0,44;0,07;14711;8,92;65,31;20870156,14
Lingga;60,47;484088;12,59;65,83;13,93;2,98;0,9;11938;6,88;62,39;4499271,67
Kepulauan Anambas;65,35;429475;12,88;69,23;7,09;0,87;0,19;11950;7,34;67,36;16697525,6
Kota Batam;71,41;740109;13,17;81,12;5,05;0,89;0,25;18034;11,15;73,36;172843903,8
Kota Tanjung Pinang;70,21;719776;14,13;78,93;9,57;1,75;0,52;15439;10,26;72,18;20099373,55
Kep. Seribu;66,84;670785;12,63;72,1;15,06;2,61;0,63;12587;8,81;68,99;8154516,93
Kota Jakarta Selatan;72,33;792684;13,34;84,9;3,56;0,62;0,18;23888;11,64;74,2;668427460,1
Kota Jakarta Timur;72,7;594849;13,96;82,97;4,28;0,56;0,13;17733;11,67;74,54;500421580,7
Kota Jakarta Pusat;72,3;689379;13,26;81,56;4,94;0,53;0,11;17365;11,39;74,19;728074607,5
Kota Jakarta Barat;71,82;570330;12,81;81,76;4,31;0,56;0,11;20801;10,78;73,69;493802942,5
Kota Jakarta Utara;71,44;609310;12,64;80,51;7,24;0,72;0,12;18762;10,81;73,35;536002760,3
Bogor;69,52;418483;12,49;70,6;8,13;1,36;0,35;10410;8,31;71,36;248892476,1
Sukabumi;69,27;342094;12,24;67,07;7,7;1,04;0,23;8850;7,1;71,21;70738039,35
Cianjur;68,45;387631;12;65,56;11,18;1,83;0,46;8052;7,19;70,32;50137664,64
Bandung;71,94;378819;12,7;72,73;7,15;1,23;0,34;10307;9,07;73,72;130476828,5
Garut;69,74;320050;12,03;66,45;10,65;1,4;0,29;7961;7,53;71,59;60836393,3
Tasikmalaya;67,78;333909;12,54;65,9;11,15;1,57;0,35;7829;7,48;69,67;39285636,36
Ciamis;70,19;389676;14,2;70,93;7,97;0,88;0,15;9259;7,9;72,02;33688053,94
Kuningan;71,98;358069;12,23;69,71;13,1;2,02;0,46;9409;7,8;73,78;26919102,72
Cirebon;70,34;404635;12,27;69,12;12,3;1,94;0,47;10368;7,1;72,18;52309936,87
Majalengka;68,58;466813;12,23;67,81;12,33;2,44;0,77;9591;7,31;70,46;34200677,5
Sumedang;70,77;360054;12,98;71,8;10,71;1,72;0,46;10262;8,52;72,62;37250246,15
Indramayu;70,01;481754;12,26;67,64;13,04;2,46;0,66;9810;6,52;71,84;81594848,56
Subang;70,78;360691;11,71;69,13;10,03;1,93;0,5;10854;7,11;72,58;42292910,51
Purwakarta;69,31;387754;12,12;70,98;8,83;1,31;0,3;11669;8,1;71,18;70778245,68
Karawang;70,5;494201;12,1;70,94;8,95;1,27;0,29;11522;7,78;72,33;243713323,3
Bekasi;71,99;549875;13,1;74,45;5,21;0,91;0,26;11341;9,3;73,81;340389974,5
Bandung Barat;70,7;374470;11,88;68,29;11,3;1,62;0,32;8546;8,2;72,52;48764313,89
Pangandaran;69,75;394101;12,08;68,28;9,65;1,25;0,27;9065;7,85;71,6;12129690,95
Kota Bogor;72,02;571425;13,42;76,59;7,24;1,1;0,27;11716;10,53;73,82;48325644,61
Kota Sukabumi;70,75;567734;13,58;74,6;8,25;1,39;0,36;10942;9,81;72,58;13053044,18
Kota Bandung;72,71;515396;14,21;81,96;4,37;0,78;0,24;16996;10,99;74,46;297116263
Kota Cirebon;70,61;467248;13,13;75,25;10,03;2,22;0,68;11810;10,12;72,44;24506594,05
Kota Bekasi;73,48;692885;14,1;81,95;4,74;0,66;0,16;15903;11,31;75,19;101383360,7
Kota Depok;72,87;705084;13,93;81,37;2,58;0,34;0,07;15420;11,46;74,62;74382336,08
Kota Cimahi;72,45;522281;13,81;78,06;5,35;0,93;0,21;12019;11,08;74,21;34244468,76
Kota Tasikmalaya;70,52;480341;13,46;73,31;13,13;2,42;0,69;10213;9,52;72,34;22844023,67
Kota Banjar;69,31;357210;13,24;71,92;7,11;1,19;0,28;10476;8,77;71,19;4656636,12
Cilacap;72,05;363367;12,63;70,42;11,67;1,48;0,3;10534;7,09;73,9;109653598,2
Banyumas;71,93;417086;13,03;72,44;13,66;2,36;0,57;11546;7,63;73,8;56919815,96
Purbalingga;71,3;384183;12;69,15;16,24;2,1;0,41;10032;7,25;73,21;26393807,46
Banjarnegara;72,4;328679;11,63;67,86;16,23;2,97;0,79;9407;6,75;74,28;22827887,3
Kebumen;71,65;390599;13,35;70,05;17,83;3,24;0,88;9028;7,55;73,55;29563144,02
Purworejo;73;376127;13,51;72,98;12,4;1,36;0,28;10275;8,21;74,87;19602717,78
Wonosobo;70,01;373474;11,76;68,43;17,67;2,75;0,65;10760;6,82;71,94;19856862,36
Magelang;71,99;353608;12,55;70,12;11,91;1,63;0,35;9440;7,79;73,88;34176312,43
Boyolali;74,24;361922;12,57;74,4;10,62;1,76;0,38;13031;7,85;76,03;34896960,78
Klaten;75,1;436896;13,39;76,12;13,49;1,79;0,38;12017;8,81;76,86;42271255,88
Sukoharjo;75,99;410273;13,84;77,13;8,23;0,91;0,21;11428;9,35;77,73;38990458,19
Wonogiri;74,44;356728;12,5;70,49;11,55;1,58;0,34;9429;7,34;76,28;30581452,94
Karanganyar;75,81;401542;13,69;75,99;10,68;1,61;0,37;11509;8,57;77,55;39157912,6
Sragen;74;363349;12,84;74,08;13,83;2,39;0,6;12679;7,66;75,79;40087775,48
Grobogan;73;404456;12,44;70,41;12,74;1,66;0,37;10294;7,11;74,84;28815024,86
Blora;72,66;363649;12,35;69,37;12,39;1,82;0,4;9669;6,99;74,51;26928608,47
Rembang;72,73;414977;12,12;70,43;15,8;2,77;0,68;10519;7,3;74,61;20071106,77
Pati;74,28;458616;12,94;72,28;10,21;1,69;0,42;10506;7,48;76,27;45565935,33
Kudus;74,87;450992;13,24;75,16;7,6;1,23;0,27;11272;8,76;76,68;108726467,8
Jepara;74,11;419028;12,76;72,36;7,44;0,88;0,17;10536;7,79;75,91;32045698,36
Demak;73,64;445176;13,32;72,57;12,92;2,32;0,62;10248;7,86;75,46;27649980
Semarang;74;416395;12,98;74,24;7,82;0,95;0,18;12070;8,03;75,79;51796320,01
Temanggung;73,81;336034;12,32;69,88;10,17;1,57;0,39;9408;7,25;75,64;22627791,48
Kendal;72,64;407387;12,96;72,5;10,24;1,52;0,33;11608;7,46;74,48;45164800,8
Batang;72,89;318330;12,13;68,92;9,68;1,76;0,48;9524;6,88;74,74;23125755,99
Pekalongan;71,84;416779;12,42;70,11;10,57;1,75;0,39;10409;7,17;73,74;24030300,26
Pemalang;71,65;401857;11,96;66,56;16,56;2,92;0,77;8573;6,45;73,53;27443892,73
Tegal;69,83;404655;12,89;68,79;8,6;1;0,19;9700;6,99;71,72;37334993,58
Brebes;67,64;445853;12,05;66,32;17,43;3,04;0,74;10152;6,22;69,54;48966236,57
Kota Magelang;75,11;537783;14,15;79,43;7,75;0,85;0,15;12349;10,62;76,93;9178749,62
Kota Surakarta;75,57;511216;14,88;82,62;9,4;1,83;0,54;14911;10,9;77,32;50371564,19
Kota Salatiga;75,5;480903;15,42;83,6;5,14;0,8;0,19;15843;10,66;77,55;14008905,62
Kota Semarang;75,79;543929;15,53;83,55;4,56;0,67;0,14;15425;10,78;77,51;204871001,7
Kota Pekalongan;72,54;480415;12,85;75,4;7,59;1,51;0,41;12598;9,18;74,44;11460582,99
Kota Tegal;72,66;523413;13,07;75,52;8,12;1,04;0,24;13143;8,73;74,54;16017044,53
Kulon Progo;73,39;360202;14,27;74,71;18,38;3,01;0,75;10069;9,02;75,27;12599819,55
Bantul;71,97;418265;15,38;80,28;14,04;2,24;0,54;15545;9,57;73,89;28123173,73
Gunung Kidul;72,26;325907;12,98;70,16;17,69;2,98;0,76;9505;7,3;74,19;20427097,24
Sleman;73,08;422933;16,74;84;8,64;1,26;0,32;16060;10,92;74,92;49397607,49
Kota Yogyakarta;72,92;556674;17,6;87,18;7,69;1,07;0,21;18801;11,72;74,76;38540649
Pacitan;70,11;309655;12,65;68,57;15,11;1,66;0,28;8887;7,61;72,07;16381242,92
Ponorogo;70,9;341090;13,74;71,06;10,26;1,08;0,18;9851;7,55;72,85;21350008,03
Trenggalek;71,95;358831;12,47;70,06;12,14;1,46;0,25;9743;7,56;73,86;19198246,56
Tulungagung;72,27;374183;13,32;73,15;7,51;0,94;0,18;10807;8,34;74,16;40166674,57
Blitar;71,69;335573;12,63;71,05;9,65;0,85;0,14;10757;7,5;73,61;37819725,54
Kediri;70,69;335990;13,44;72,56;11,64;1,35;0,25;11127;8,08;72,65;42692711,18
Malang;70,64;348695;13,24;70,6;10,5;1,41;0,3;10163;7,43;72,61;107036381,2
Lumajang;68,19;334906;11,88;66,07;10,05;1,57;0,34;9203;6,67;70,21;33678623,82
Jember;67,24;380397;13,43;67,32;10,41;1,58;0,4;9410;6,49;69,28;81068836,11
Banyuwangi;68,67;387084;13,1;71,38;8,07;1,32;0,28;12217;7,42;70,72;85918574,83
Bondowoso;64,85;423150;13,29;66,59;14,73;2,19;0,49;10690;5,94;66,89;21052227,04
Situbondo;67,22;336040;13,16;67,78;12,63;2,08;0,49;9996;6,62;69,24;21200850,96
Probolinggo;65,34;451395;12,36;66,26;18,91;3,26;0,81;10969;6,12;67,36;35605523,95
Pasuruan;68,21;368686;12,58;68,93;9,7;1,17;0,24;10297;7,41;70,25;157150726,2
Sidoarjo;72,15;502524;14,94;80,65;5,93;0,95;0,25;14578;10,72;74,06;210650178,1
Mojokerto;70,64;417784;12,95;74,15;10,62;1,59;0,37;12844;8,64;72,59;87145023,17
Jombang;70,53;421172;13,57;73,45;10;1,55;0,36;11394;8,55;72,49;41747215,67
Nganjuk;69,61;446232;12,87;71,97;11,85;1,56;0,31;12172;7,78;71,6;28053330,72
Madiun;69,52;380287;13,17;71,88;11,91;1,65;0,38;11658;7,82;71,5;20024414,05
Magetan;70,67;371182;14,04;74,15;10,66;1,54;0,37;11833;8,36;72,65;19587872,44
Ngawi;70,46;358663;12,83;71,04;15,57;2,23;0,47;11459;7,26;72,41;20814462,59
Bojonegoro;69,75;380653;12,68;69,59;13,27;1,88;0,45;10221;7,38;71,72;84200914,33
Tuban;69,58;388176;12,22;68,91;16,31;3,26;0,86;10380;7,18;71,56;65911734,22
Lamongan;70,53;419309;13,77;73,12;13,86;2,7;0,73;11510;8,04;72,49;41042888,64
Gresik;70,71;505499;13,77;76,5;12,42;2,15;0,61;13280;9,56;72,67;144656069,9
Bangkalan;68,19;432046;11,73;64,36;21,57;3,51;0,86;8673;5,96;70,22;24756707,15
Sampang;66,02;391032;12,38;62,8;23,76;3,66;0,8;8790;4,86;68,07;20638846,36
Pamekasan;65,62;368259;13,65;66,4;15,3;1,9;0,4;8804;6,7;67,67;17659220,99
Sumenep;69,58;400960;13,33;67,04;20,51;4,73;1,56;9000;5,92;71,56;35300157,05
Kota Kediri;72,11;506936;15,27;78,6;7,75;1,03;0,21;12359;10,15;74,04;141467122,9
Kota Blitar;71,95;481229;14,33;78,98;7,89;1,06;0,28;13816;10,35;73,86;7113597,21
Kota Malang;71,4;570238;15,75;82,04;4,62;0,87;0,22;16663;10,41;73,36;76617344,92
Kota Probolinggo;68,3;545955;13,6;73,66;7,44;0,9;0,17;12245;8,95;70,35;11699903,01
Kota Pasuruan;69,61;461624;13,63;75,62;6,88;1,15;0,27;13354;9,33;71,6;8491125,83
Kota Mojokerto;71,43;493452;14,01;78,43;6,39;0,84;0,17;13610;10,47;73,39;6935632,33
Kota Madiun;70,89;514409;14,41;81,25;5,09;0,67;0,15;16095;11,37;72,83;14435427,95
Kota Surabaya;72,27;611466;14,81;82,31;5,23;0,75;0,17;17862;10,5;74,18;590227115,8
Kota Batu;70,66;522819;14,16;76,28;4,09;0,39;0,06;12887;9,31;72,65;16841143,98
Pandeglang;62,82;390754;13,49;65,17;10,72;1,49;0,33;8635;7,11;64,79;29843279,88
Lebak;65,33;358479;11,98;64,03;10,29;1,66;0,4;8724;6,41;67,33;30804314,86
Tangerang;67,93;545065;12,84;72,29;7,12;1,21;0,29;12273;8,61;69,93;145283676,5
Serang;62,82;362102;12,58;66,82;5,49;0,61;0,12;10713;7,51;64,76;80231264,41
Kota Tangerang;69,61;655061;13,87;78,5;5,93;1,08;0,27;14575;10,83;71,6;150139001,8
Kota Cilegon;64,68;540032;13,18;73,35;4,24;0,5;0,11;13041;10,08;66,69;110497918,4
Kota Serang;65,91;431210;12,79;72,44;6,79;0,92;0,22;13281;8,89;68,12;33503984,71
Kota Tangerang Selatan;70,55;665610;14,66;81,6;2,57;0,34;0,07;15751;11,82;72,47;88065801,67
Jembrana;70,5;434839;12,92;72,75;5,06;0,63;0,12;11675;8,35;72,46;13510634,96
Tabanan;71,84;488750;13,01;76,45;5,12;0,82;0,22;14326;9,14;73,75;22021142,15
Badung;73,35;613993;13,99;81,83;2,62;0,43;0,1;17327;10,62;75,18;44882080,18
Gianyar;71,87;407945;13,97;77,7;4,85;0,51;0,09;14391;9,29;73,78;25788227,04
Klungkung;69,44;342043;13;71,75;5,64;0,82;0,25;11287;8,14;71,41;8534432,93
Bangli;68,61;370732;12,35;69,37;5,09;0,56;0,11;11201;7,18;70,62;6825455,95
Karangasem;68,57;354123;12,42;67,36;6,78;0,64;0,08;10175;6,33;70,56;16506624,87
Buleleng;69,99;461018;13,08;72,56;6,12;0,74;0,14;13362;7,25;71,95;33363288,29
Kota Denpasar;73,08;662499;14,09;84,03;2,96;0,37;0,06;19598;11,48;74,93;49687176,87
Lombok Barat;65,26;466495;13,95;68,61;14,47;1,7;0,31;11334;6,42;67,19;15407346,12
Lombok Tengah;64,46;447200;13,85;66,72;13,44;1,69;0,35;9962;6,29;66,38;17686597,23
Lombok Timur;64,23;472304;13,9;66,66;15,38;2,88;0,88;9450;6,71;66,16;21053632,77
Sumbawa;65,77;376307;13,07;68,01;13,91;1,78;0,41;9167;8,15;67,73;15011023,46
Dompu;65,07;370120;13,53;68,45;12,6;1,33;0,25;8899;8,72;66,99;7339065,88
Bima;64,59;363228;13,39;66,66;14,88;1,32;0,26;8495;7,91;66,5;11857261,13
Sumbawa Barat;66,34;499013;13,64;71,85;13,54;2,68;0,67;11548;8,72;68,31;23764531,63
Lombok Utara;65,42;478906;12,76;64,77;27,04;5,69;1,66;9057;6,04;67,36;4715399,02
Kota Mataram;69,98;524762;15,64;79,14;8,65;0,93;0,19;14999;9,54;71,88;19696503,08
Kota Bima;68,57;399193;15,04;76,11;8,88;1,12;0,21;11135;10,65;70,5;4300753,56
Sumba Barat;65,14;364361;13,12;63,83;28,39;6,77;2,16;7307;6,84;67,12;2416823,98
Sumba Timur;63,22;375859;12,83;65,74;29,68;7,98;2,94;9354;7,32;65,16;6403409,51
Kupang;63,01;386577;13,86;64,41;22,98;3,71;0,9;7476;7,39;64,91;7986115,34
Timor Tengah Selatan;64,51;344239;12,58;62,16;26,64;5,08;1,28;6839;6,74;66,46;8243252,17
Timor Tengah Utara;65,09;394818;13,32;63,69;22,62;3,77;0,93;6324;7,96;67,09;4222698,47
Belu;63;379280;12,28;62,77;15,68;3,13;0,96;7431;7,36;64,89;4699016,88
Alor;59,78;364939;12,24;61,37;21,09;3,31;0,65;6751;8,42;61,64;3166850,46
Lembata;65,24;421901;12,43;64,75;26,21;5,64;1,65;7257;8,23;67,2;1912757
Flores Timur;63,42;329340;12,92;64,22;11,14;1,32;0,23;7578;7,72;65,31;5380269,41
Sikka;65,49;354234;13,43;65,41;13,35;1,26;0,21;8021;6,95;67,45;5317677,89
Ende;63,56;428328;13,79;67,3;24,13;6,39;2,15;9027;8,03;65,43;6314656,6
Ngada;66,04;396506;12,71;67,88;12,58;2,89;0,92;8819;8,53;68,12;3578328,53
Manggarai;65,1;371531;13,69;65,01;20,48;4,83;1,6;7133;7,61;67,11;4762395,77
Rote Ndao;62,98;341135;13,19;62,6;28,08;5,82;1,67;6503;7,71;64,88;3279565,33
Manggarai Barat;65,4;370943;12,29;64,17;17,92;3,55;1;7410;7,56;67,46;3611635,58
Sumba Tengah;66,43;311199;13,04;61,8;34,27;8,65;2,71;6061;6,47;68,42;1230398,45
Sumba Barat Daya;66,58;390217;13,07;62,29;28,18;4,6;1,1;6355;6,35;68,57;3887066,39
Nagekeo;65,26;386027;12,49;65,82;12,91;1,73;0,32;8254;7,9;67,25;2346339,22
Manggarai Timur;66,1;373972;12,26;61,37;26,5;4,96;1,32;5780;7,35;68,07;3412906,17
Sabu Raijua;58,82;438492;13,15;57,03;30,13;8,12;2,94;5256;6,66;60,66;1448629,29
Malaka;63,04;378824;12,79;60,42;16,33;2,04;0,44;5861;7,1;65,01;2929898,08
Kota Kupang;67,77;599880;16,41;79,74;9,17;0,9;0,17;13218;11,6;69,73;24410337,33
Sambas;67,07;451173;12,63;67,1;7,66;0,76;0,14;9828;6,72;69,08;22293194,08
Bengkayang;72,06;372793;12,1;68,04;6,48;0,8;0,14;9193;6,8;73,84;9318527,82
Landak;71,05;395486;12,43;66,21;10,99;1,29;0,26;7431;7,12;73,04;11614172,69
Mempawah;69,08;387948;12,65;66,03;5,18;0,52;0,11;7758;7,04;71,18;9084515,84
Sanggau;69,46;363714;11,59;66,2;4,55;0,62;0,16;8328;7,39;71,42;21678774,37
Ketapang;69,05;482824;11,81;67,43;10,13;1,42;0,32;9209;7,46;71,11;30911315,92
Sintang;69,87;593844;12,04;66,93;9,28;1,47;0,34;8708;7,08;71,84;15749078,86
Kapuas Hulu;70,63;481826;12,08;65,75;8,93;0,94;0,15;7168;7,53;72,53;11071935,29
Sekadau;70,01;351726;11,89;64,93;6,26;0,78;0,14;7462;6,85;72,05;7132689,94
Melawi;71,04;570434;11,17;65,87;12,01;2,21;0,62;8415;6,91;72,98;5626604,42
Kayong Utara;66,12;321356;11,84;62,9;9,33;1,78;0,46;7920;6,02;68,48;4533991,24
Kubu Raya;68,6;431211;13,87;68,16;4,34;0,47;0,1;8630;7;70,69;31231417,06
Kota Pontianak;71,15;578615;15,01;79,93;4,58;0,68;0,2;14610;10,43;73,12;40200359,04
Kota Singkawang;70,27;527892;12,91;72,11;4,83;0,73;0,17;11767;7,9;72,18;10877846,7
Kotawaringin Barat;68,66;418388;12,73;73,07;3,95;0,48;0,09;13117;8,53;70,68;23708753,57
Kotawaringin Timur;67,85;467551;12,85;71,38;5,91;0,89;0,2;11866;8,15;69,9;29678169,54
Kapuas;66,76;345272;12,93;69,63;5,35;0,55;0,09;11148;7,6;68,78;18695936,39
Barito Selatan;65,17;450706;12,66;70,54;4,62;0,35;0,04;11492;8,95;67,19;6681133,27
Barito Utara;69,31;525236;12,5;70,79;5,61;0,59;0,12;9951;8,85;71,3;10565226
Sukamara;69,55;568578;12,13;68,27;3,66;0,79;0,23;8773;8,09;71,56;4943668,71
Lamandau;67,33;539744;12,49;70,58;3,56;0,56;0,11;11234;8,43;69,39;6566594,46
Seruyan;67,46;529892;12;67,67;7,22;1,12;0,25;9420;7,96;69,26;9890066,35
Katingan;63,84;498487;12,81;68,89;5,25;0,47;0,07;10568;8,68;65,87;9040860,54
Pulang Pisau;66,07;411258;12,42;68,53;4,24;0,58;0,12;10082;8,19;68,1;5969695,94
Gunung Mas;68,38;456984;11,9;71,03;5,35;0,53;0,1;10809;9,18;70,46;7173231,74
Barito Timur;66,24;534896;12,84;71,47;6,38;0,82;0,16;11322;9,23;68,31;7949947,24
Murung Raya;67,48;510939;11,76;68,12;6,15;1,09;0,28;10449;7,61;69,53;8917593,23
Kota Palangka Raya;71,26;456276;14,96;80,82;3,75;0,4;0,07;14070;11,53;73,24;19649166,94
Tanah Laut;67,62;537854;12,31;69,87;4,57;0,68;0,14;11310;7,89;69,59;15326244,74
Kota Baru;67,37;481452;11,95;69,13;4,86;0,37;0,04;11720;7,46;69,32;26492463,18
Banjar;65,45;482867;12,73;69,89;3,04;0,36;0,05;12707;7,52;67,41;17934282,46
Barito Kuala;64,33;355160;12,4;66,64;5,11;0,57;0,12;9868;7,55;66,27;9174921,47
Tapin;68,62;459160;11,95;70,31;3,6;0,28;0,04;11952;7,77;70,57;9387409,72
Hulu Sungai Selatan;64,19;494203;12,38;69,21;4,84;0,45;0,06;12736;7,76;66,12;7125712,36
Hulu Sungai Tengah;64,3;425438;12,21;69,05;6,18;0,53;0,09;12280;8,01;66,2;7394016,1
Hulu Sungai Utara;62,22;501994;12,92;66,12;6,83;0,76;0,12;9644;7,75;64,1;5253448,85
Tabalong;68,62;542800;12,89;72,6;6,27;1,08;0,24;11470;9,11;70,57;19934957,43
Tanah Bumbu;68,53;530568;12,48;71;4,82;0,65;0,12;11844;7,97;70,45;22387305,27
Balangan;65,87;453928;12,47;69,11;6,07;0,79;0,19;11500;7,69;67,85;12201610,56
Kota Banjarmasin;69,4;606330;13,94;77,57;4,89;0,56;0,11;14432;10,2;71,29;34596065
Kota Banjar Baru;70,19;653556;14,82;79,26;4,4;0,46;0,1;13789;10,96;72,1;10003080,05
Paser;70,86;527659;13,25;72,93;9,73;1,37;0,32;10673;8,79;72,88;53887948,57
Kutai Barat;71,13;598037;13,02;72,07;10,24;1,07;0,21;10062;8,7;73,1;32093136,01
Kutai Kartanegara;70,67;569640;13,6;74,06;7,99;1,22;0,37;11048;9,23;72,64;177416584,2
Kutai Timur;71,5;626492;12,9;73,81;9,81;1,64;0,44;10868;9,43;73,46;136617573,3
Berau;70,34;595550;13,33;75,2;5,88;0,95;0,2;12435;9,53;72,32;43036483,47
Penajam Paser Utara;70,05;513666;12,57;72,01;7,61;1,18;0,3;11651;8,36;71,68;10089643,12
Mahakam Ulu;70,34;644910;12,61;67,95;11,9;1,77;0,37;7802;8,18;72,33;2972865,58
Kota Balikpapan;72,86;657521;14,22;80,71;2,89;0,5;0,15;14862;10,91;74,76;111382197,7
Kota Samarinda;72,62;750055;15,09;80,76;4,99;1,07;0,32;14582;10,49;74,54;71170547,8
Kota Bontang;72,63;665572;13,17;80,59;4,62;0,47;0,08;16765;10,8;74,55;57949626,32
Malinau;71,29;650444;13,31;72,32;7,3;0,85;0,23;9928;9,4;71,49;12858768,65
Bulungan;71,69;486524;13,01;71,8;10,03;1,56;0,37;9423;9,19;72,74;20341959,1
Tana Tidung;70,74;440599;12,22;67,76;5,15;0,89;0,19;7676;8,8;71,49;6673092,18
Nunukan;70,63;479712;12,65;66,46;6,79;0,68;0,12;7064;8,17;71,4;29779871,6
Kota Tarakan;73,46;711268;14,03;76,23;6,71;1,01;0,23;11261;9,98;74,04;41858398,34
Bolaang Mongondow;67,43;343302;11,53;68,16;7,58;1,14;0,27;10220;8,03;69,45;8970178,47
Minahasa;69,15;299072;14,15;75,73;7,67;1,31;0,32;12481;9,73;71,16;18643140,67
Kepulauan Sangihe;68,15;283852;12,47;71,07;11,02;1,74;0,38;11524;8,34;70,18;4791110,18
Kepulauan Talaud;68,22;308395;12,59;69,83;9;1,34;0,28;8558;9,72;70,24;2421876,51
Minahasa Selatan;67,95;352603;12,83;72,32;9,37;1,19;0,26;11554;9,09;70,01;9581826,32
Minahasa Utara;69,44;347938;12,92;74,11;7,11;0,85;0,17;11481;10;71,4;15699365,59
Bolaang Mongondow Utara;65,7;275369;12,17;67,39;8,03;1,18;0,26;9143;8,41;67,73;2727972,97
Siau Tagulandang Biaro;68,87;327263;11,86;68,05;8,94;0,97;0,18;8145;9,03;70,87;2626950,56
Minahasa Tenggara;68,18;346746;12,43;71,06;12,47;2,39;0,67;10479;9,11;70,21;5623625,04
Bolaang Mongondow Selatan;62,67;345819;12,3;65,42;12,85;1,47;0,28;8939;8,15;64,49;2296392,54
Bolaang Mongondow Timur;65,83;353872;11,86;66,55;6,1;0,66;0,12;9115;7,93;67,94;3246497,2
Kota Manado;69,92;449679;14,16;79,2;6,19;1,23;0,33;13991;11,42;71,9;39531000,8
Kota Bitung;69,1;434642;12,62;74,2;6,43;0,95;0,25;12271;9,89;71,1;18677629,81
Kota Tomohon;70,07;440680;14,21;76,86;5,69;0,94;0,21;11851;10,74;72,06;4586612,44
Kota Kotamobagu;68,59;363777;12,88;73,47;5,74;1,32;0,39;10848;10,31;70,6;4032377,5
Banggai Kepulauan;64,64;373799;13,07;65,61;13,72;1,89;0,42;7453;8,44;66,59;4130115,22
Banggai;68,9;431639;13,25;70,6;7,83;1,09;0,23;9603;8,53;70,88;30845705,5
Morowali;67,08;478409;13,35;72,29;13,75;2,11;0,54;11028;9,34;69,23;98916807,42
Poso;69,25;530022;13,71;71,45;15,92;2,57;0,62;8850;9,5;71,19;9932090,61
Donggala;65,53;369784;12,51;65,72;16,73;2,76;0,7;8002;7,98;67,5;12558316,49
Toli-Toli;64,27;354427;12,89;66,3;13,51;1,66;0,3;7947;8,76;66,18;8901213,79
Buol;67,04;387444;13,1;68,25;14,06;2,01;0,51;7974;9,08;69,05;6133097,36
Parigi Moutong;62,25;458385;12,48;65,82;15,28;3,26;0,95;9675;7,74;64,35;18438952,1
Tojo Una-Una;63,96;521534;12,29;64,74;16,6;3,25;0,95;7621;8,4;65,9;5938990,44
Sigi;68,07;382579;12,88;68,49;13,05;1,7;0,38;8171;8,82;70,09;9729697,88
Banggai Laut;63,72;366005;12,96;65,65;14,17;2,93;0,83;7707;8,63;65,67;2525763,43
Morowali Utara;67,55;486511;12,25;68,48;13,9;2,35;0,65;8890;8,72;69,71;13102645,27
Kota Palu;69,01;571605;16,28;81,7;7,17;0,86;0,2;14894;11,72;71,09;26170654,93
Kepulauan Selayar;66,49;406732;12,66;67,76;12,45;2,09;0,46;9060;8,08;68,52;6835395,93
Bulukumba;66,05;369022;13,41;69,62;7,43;1;0,2;10632;7,82;68,1;15868864,34
Bantaeng;68,45;363342;12,05;68,99;9,41;1,23;0,27;11829;6,77;70,6;10081398,85
Jeneponto;64,47;374407;12,1;64,56;14,28;1,64;0,29;9215;6,6;66,49;11053253,56
Takalar;65,28;380564;12,42;67,72;8,25;1,03;0,17;10543;7,49;67,3;11126106,9
Gowa;68,43;408435;13,65;70,29;7,54;1,38;0,36;9504;8,2;70,45;23536837,73
Sinjai;65,38;352490;13,06;67,75;8,84;1,45;0,3;9505;7,78;67,38;12297080,12
Maros;66,98;424637;13,16;70,41;9,57;1,61;0,41;11032;8,01;69,04;19005611,47
Pangkajene dan Kepulauan;64,75;368096;12,77;69,21;14,28;2,78;0,78;11519;7,92;66,78;27574738,39
Barru;67,04;351924;13,59;71,13;8,68;1,52;0,39;11017;8,24;69,07;8057257,24
Bone;65,16;360177;12,98;66,4;10,52;1,67;0,42;9030;7,23;67,21;39369964,17
Soppeng;68,01;341484;13,05;68,99;7,53;1,24;0,28;9558;7,82;69,81;12426781,61
Wajo;65,41;361181;13,15;69,62;6,46;0,79;0,15;12505;7,05;67,48;22319744,48
Sidenreng Rappang;68,01;360591;12,95;71,54;5,04;0,64;0,13;12201;7,94;70,01;15250127,36
Pinrang;67,88;345892;13,24;71,45;8,81;1,77;0,5;11956;7,87;69,77;21758576,93
Enrekang;68,92;352147;13,71;72,91;12,47;1,35;0,24;10973;8,91;70,93;8204106,07
Luwu;68,42;359925;13,39;70,85;12,53;1,77;0,46;10116;8,35;70,44;17839990,46
Tana Toraja;71,48;350220;13,86;69,49;12,27;1,66;0,36;7434;8,51;73,4;8087091,55
Luwu Utara;66,6;368716;12,57;70,02;13,59;2,07;0,49;11736;7,86;68,67;14408381,08
Luwu Timur;68,6;371947;12,84;73,34;6,94;1,09;0,26;12886;8,81;70,63;23614515,03
Toraja Utara;71,46;348611;13,39;69,75;11,99;1,83;0,39;8134;8,25;73,41;10344298,97
Kota Makasar;70,17;475444;15,58;82,66;4,82;0,76;0,16;17097;11,43;72,13;190318065,3
Kota Parepare;69,33;383471;14,51;78,21;5,4;0,72;0,13;13786;10,65;71,31;7826238,24
Kota Palopo;68,93;383007;15,09;78,38;8,14;1,17;0,3;13117;10,94;70,92;8714311,89
Buton;66,23;270212;13,76;66,32;13,92;1,84;0,42;7324;7,92;68,39;4036294,35
Muna;68,22;368922;13,8;69,17;13,54;1,9;0,39;8218;8,46;70,41;7365510,8
Konawe;68,19;343781;13,01;71,48;13,03;2,67;0,83;10151;9,21;70,32;11542294,53
Kolaka;69,09;432858;12,83;73,56;12,43;3,02;0,98;12525;8,99;71,21;27532648,08
Konawe Selatan;68,74;275339;12,37;68,58;11,34;1,98;0,52;9059;8,11;70,87;12654684,64
Bombana;66,93;346726;11,85;66,25;10,76;1,94;0,56;8310;8,04;69,09;6913334,35
Wakatobi;68,34;302511;13,51;69,87;14,91;2,37;0,52;9280;8,16;70,48;4708750,5
Kolaka Utara;68,29;506903;12,15;69,5;13,79;2,52;0,68;10244;8,22;70,36;9188014,05
Buton Utara;68,81;355288;12,92;68,08;14,89;2,46;0,61;7496;8,93;70,93;3420716,92
Konawe Utara;67,3;321986;13,08;70,23;14,32;2,4;0,63;9181;9,3;69,53;4262560,98
Kolaka Timur;70,75;431179;12,69;67,76;14,35;2,18;0,46;7753;7,84;72,82;4834045,14
Konawe Kepulauan;66,3;347332;12,32;65,73;17,81;4,05;1,21;6738;9,42;68,43;1467816,51
Muna Barat;68,2;367868;12,51;65,48;13,96;2,03;0,47;7502;7,3;70,35;2789510,16
Buton Tengah;65,53;273354;13,12;64,55;15,8;2,14;0,38;7244;7,31;67,69;2536097,61
Buton Selatan;65,54;253877;13,24;64,99;14,62;1,87;0,38;7279;7,54;67,69;2993971,15
Kota Kendari;71,81;423653;16,89;84,15;4,87;0,84;0,23;14356;12,51;73,83;23689814,51
Kota Baubau;69,12;360766;15,17;76,26;7,78;1,05;0,18;10503;10,91;71,25;9627567,12
Boalemo;67,34;450724;12,45;66,42;19;2,77;0,64;8940;7;69,3;5732643,89
Gorontalo;66,27;389827;13,11;69;15,61;2,87;0,72;10157;7,9;68,19;13713963,08
Pohuwato;62,38;327587;12,38;65,8;18,08;2,64;0,59;10409;7,26;64,3;7055541,65
Bone Bolango;66,38;449543;13,65;70,25;16,3;3,23;0,86;10198;8,32;68,52;4875938,64
Gorontalo Utara;64,02;327531;12,46;65,21;17,23;2,32;0,49;9064;7,15;65,93;3592422,36
Kota Gorontalo;70,66;598363;14,5;77,41;5,93;0,79;0,22;12390;10,37;72,53;8987562,53
Majene;59,87;399350;13,62;67,29;14,34;2,03;0,48;10028;8,91;61,77;5204281,25
Polewali Mandar;60,6;416443;13,38;64,23;15,68;2,52;0,59;8548;7,44;62,53;13803295,58
Mamasa;68,92;283758;12,36;66,63;13,77;2,25;0,59;7736;7,88;70,94;3129993,12
Mamuju;65,73;287896;13,24;68,32;7,46;1,08;0,29;9494;7,96;67,77;12434742,35
Mamuju Utara;64,49;367941;11,95;68,03;4,77;0,55;0,11;11072;8,09;66,45;12390482,68
Mamuju Tengah;66,5;265413;12,53;66,18;7,13;1,15;0,27;8408;7,51;68,55;3563482,38
Maluku Tenggara Barat;61,51;506106;12,3;62,97;27,27;5,1;1,58;6335;9,69;63,45;2868143,99
Maluku Tenggara;63,17;549047;12,82;66,33;22,73;3,23;0,78;7580;9,76;65,14;3431332,18
Maluku Tengah;64,44;515582;14,17;71,32;19,84;4,03;1,28;10243;9,68;66,45;9099878,41
Buru;64,43;503254;13,04;69,33;17,28;3,52;1,12;10347;8,79;66,44;2525974,46
Kepulauan Aru;61,01;516604;12,31;63,83;26,53;4,73;1,1;7623;8,83;62,96;3669828,68
Seram Bagian Barat;59,94;427355;13,48;65,83;25,27;4,34;1,26;8720;8,92;61,85;3173043,6
Seram Bagian Timur;57,78;403573;12,77;64,3;23,25;3,79;0,98;9480;8,46;59,62;3177711,08
Maluku Barat Daya;60,65;535594;12,35;62,37;29,55;5,7;1,72;6918;8,59;62,55;1737851,48
Buru Selatan;64,37;644441;12,7;64,8;15,89;2,36;0,53;7600;7,95;66,36;1483552,34
Kota Ambon;68,64;621482;16,04;81,23;5,02;0,64;0,14;14148;12,2;70,63;15562668,88
Kota Tual;63,72;600172;13,98;68,16;23,26;4,03;0,95;7405;10,53;65,68;2623604,41
Halmahera Barat;64,37;358707;13,2;65,56;8,95;1,19;0,29;7467;8,37;66,34;2352693,91
Halmahera Tengah;62,24;491657;13,11;65,82;13,52;1,99;0,48;7966;9,01;64,15;9658075,15
Kepulauan Sula;61,45;391912;12,77;63,8;8,23;1,22;0,24;7040;9;63,39;2597922,23
Halmahera Selatan;63,97;343323;12,79;64,19;5,19;0,61;0,12;7142;8,1;65,93;10925049,29
Halmahera Utara;67,6;263507;13,61;67,82;5,22;0,48;0,07;7519;8,62;69,61;6002947,32
Halmahera Timur;67,11;600339;12,76;67;15,04;2,62;0,68;7973;8,27;69,08;3930413,94
Pulau Morotai;65,33;291879;12,93;62,9;6,52;0,72;0,13;6378;7,4;67,35;1641983,99
Pulau Taliabu;60,31;425241;12,65;60,73;7,49;0,57;0,1;6467;7,67;62,22;1709986,08
Kota Ternate;69,08;629463;15,75;80,14;3,55;0,53;0,18;13290;11,81;71,06;10974363,32
Kota Tidore Kepulauan;67,46;472651;14,32;70,99;6,58;0,82;0,17;8316;9,95;69,43;3028404,56
Fakfak;66,58;596406;14,63;68,52;22,86;6,11;2,12;7446;8,97;68,5;5340478,25
Kaimana;63,06;450301;12,41;65,31;16,04;2,83;0,73;8151;8,58;64,93;2672399,36
Teluk Wondama;58,46;597676;11,63;60,33;31,61;6,48;1,79;8034;7,08;60,24;1559346,28
Teluk Bintuni;59,21;693305;12,42;64,65;29,79;9,15;3,84;9708;8,22;60,99;31380552,91
Manokwari;66,89;663438;13,66;72,02;20,56;4,96;1,7;11977;8,34;68,82;9834864,51
Sorong Selatan;64,47;358864;13,17;62,46;18,55;4,89;1,77;6188;7,49;66,39;1965129,27
Sorong;64,32;388166;13,72;65,77;27,78;7,76;2,91;7350;8,33;66,22;11194701,56
Raja Ampat;62,94;388021;12,06;63,92;17,5;2,82;0,75;7882;8,02;64,83;3434840,44
Tambrauw;58,43;399421;12,18;53,71;33,86;6,79;1,91;4903;5,39;60,2;243689,75
Maybrat;63,31;396386;13,47;59,7;31,39;9,09;3,52;5245;6,96;65,25;751293,99
Manokwari Selatan;65,68;686235;12,35;59,85;29,3;8,92;3,45;5505;6,63;67,6;859469,3
Pegunungan Arfak;65,35;683722;11,72;56,13;34,7;5,28;1,15;5009;5,12;67,26;242960,85
Kota Sorong;69,01;791155;14,39;78,49;15,35;3,64;1,29;13744;11,19;70,93;15475713,35
Merauke;65,4;387443;14,14;70,49;10,16;1,46;0,31;10201;8,73;67,07;16348481,81
Jayawijaya;58,13;501075;12,53;58,67;37,09;12,89;5,59;7545;5,6;59,9;8438720,65
Jayapura;64,93;624845;14,39;72,03;12,13;2,42;0,7;9989;10,05;67,16;17024610,79
Nabire;65,98;665325;12,18;69,15;23,83;8,41;4,14;8856;10,01;68,15;12015163,23
Kepulauan Yapen;67,04;688204;12,74;67,72;26,09;4,85;1,48;7491;9,47;69,17;4472789,89
Biak Numfor;66,17;602931;14,2;72,33;24,45;6,01;2,05;9607;10,34;68,29;5500036,48
Paniai;64,36;556861;10,5;56,7;36,59;4,6;0,79;6377;4,77;66,62;4446534,78
Puncak Jaya;63,48;708658;7,49;48,99;36;12,4;5,58;5289;3,74;65,33;1407071,97
Mimika;70,52;936862;12,69;74,48;14,17;2,53;0,69;11400;10,18;72,36;95216352,2
Boven Digoel;58,53;520245;11,08;61,62;19,9;3,67;0,97;7864;8,79;60,32;4952108,1
Mappi;63,46;375922;10,79;58,7;26,05;4,46;1,17;6327;6,51;65,31;3126986,82
Asmat;56,83;405368;9,3;51,29;24,83;4,08;0,91;5736;5,08;58,59;2694794,31
Yahukimo;64,15;466113;7,62;49,48;37,64;7,38;2,08;4895;4,27;66,05;2626037,93
Pegunungan Bintang;62,42;632210;6,47;46,28;30,46;3,69;0,7;5429;3,04;64,54;2079566,63
Tolikara;63,95;441994;8,61;49,6;32,6;3,34;0,48;4841;3,65;65,83;1715523,85
Sarmi;64,57;554491;12,29;63,94;13,84;2,33;0,59;6617;8,83;66,46;3117173,56
Keerom;64,6;704998;12,43;66,49;16;3,16;0,95;8926;8,02;66,78;3060427,35
Waropen;64,51;731467;12,8;65,1;29,85;4,72;1,2;6788;9,21;66,42;2114268,75
Supiori;64,16;498615;13;62,72;37,91;8,45;2,41;5708;8,87;66,06;1087346,71
Mamberamo Raya;56,29;769848;11,8;52,18;28,78;3,53;0,92;4603;5,87;58;1835562,16
Nduga;53,71;392990;3,87;32,84;37,18;11,89;5,43;3976;1,42;55,43;1345724,47
Lanny Jaya;64,02;537322;8,89;48,68;38,73;14,87;8,12;4393;3,43;66,11;2020051,93
Mamberamo Tengah;61,91;449409;9,22;48,32;36,76;6,51;1,41;4487;3,33;63,75;1261727,85
Yalimo;63,4;378167;9,32;49,01;33,25;13,86;7,28;4664;3,01;65,49;1354408,92
Puncak;64,39;721541;5,4;43,17;36,26;9,92;3,49;5412;2,16;65,86;1513264,81
Dogiyai;63,97;557009;10,59;55;28,81;3,68;0,78;5415;4,94;65,85;1411759,29
Intan Jaya;63,61;725106;7,66;48,34;41,66;5,92;1,05;5328;3,09;65,69;1303463,47
Deiyai;63,48;627742;9,82;49,96;40,59;3,79;0,67;4673;3,25;65,36;1490801,19
Kota Jayapura;68,45;1051297;15,02;80,11;11,39;2,53;0,79;14937;11,57;70,52;33138990,95
