Kabupaten/Kota;2014;2015;2016;2017;2018;2019;2020;2021
Simeulue;1.516.867,28;1.640.120,63;1.772.573,67;1.897.038,43;2.042.836,42;2.211.885,58;2.274.361,94;2.439.833,41
Aceh Singkil;1.686.106,67;1.816.415,36;1.980.642,32;2.126.448,17;2.255.194,44;2.395.411,85;2.422.611,49;2.702.914,47
Aceh Selatan;3.929.686,41;4.227.300,36;4.553.857,69;4.855.005,68;5.197.229,43;5.479.425,66;5.530.754,59;5.961.095,39
Aceh Tenggara;3.313.778,27;3.567.141,81;3.883.184,62;4.245.132,35;4.558.765,21;4.906.917,38;5.058.528,79;5.401.589,45
Aceh Timur;8.694.868,21;8.195.726,28;8.509.744,24;9.104.763,67;9.685.702,94;10.280.799,51;10.605.784,63;11.652.641,15
Aceh Tengah;5.462.534,54;5.875.116,69;6.307.246,39;6.721.944,77;7.178.095,40;7.472.445,90;7.387.369,90;7.997.947,60
Aceh Barat;5.468.952,96;5.828.350,37;6.184.227,83;6.946.915,79;7.692.484,18;7.964.354,62;8.109.233,27;9.988.634,36
Aceh Besar;9.649.744,25;10.327.333,03;10.969.293,83;11.638.043,32;12.446.122,56;13.241.274,86;13.329.465,29;14.022.478,15
Pidie;7.254.638,18;7.861.552,33;8.489.561,55;9.186.845,44;9.894.667,92;10.549.225,37;10.758.805,68;11.317.893,27
Bireuen;9.392.310,29;10.069.345,27;10.725.724,92;11.410.922,68;12.092.521,62;12.886.847,77;13.084.368,05;14.054.534,53
Aceh Utara;19.940.745,33;16.339.921,86;16.695.688,08;17.502.342,88;18.815.382,43;19.674.952,38;19.702.646,76;23.192.235,10
Aceh Barat Daya;2.780.124,00;2.968.353,76;3.174.813,01;3.394.318,45;3.635.010,97;3.854.318,59;3.917.419,85;4.134.847,20
Gayo Lues;1.934.145,22;2.075.749,53;2.233.819,61;2.425.648,98;2.549.886,30;2.608.733,70;2.693.265,75;2.852.608,79
Aceh Tamiang;5.647.696,83;5.763.172,35;6.063.470,99;6.518.270,47;6.991.449,00;7.385.341,17;7.512.694,16;8.857.480,82
Nagan Raya;5.456.757,63;5.775.414,27;6.159.448,90;6.571.136,50;6.926.106,55;7.411.691,61;7.656.566,01;9.183.604,46
Aceh Jaya;1.838.874,31;1.980.786,49;2.116.116,47;2.275.043,95;2.429.231,64;2.575.142,32;2.625.734,25;2.851.397,37
Bener Meriah;3.312.193,99;3.550.279,47;3.802.333,70;3.998.247,28;4.202.084,40;4.423.114,94;4.527.816,08;4.958.937,18
Pidie Jaya;2.388.521,46;2.598.425,06;2.770.495,07;3.012.984,37;3.240.635,90;3.449.866,38;3.500.366,23;3.669.650,72
Kota Banda Aceh;13.501.602,92;14.494.454,49;15.800.612,43;16.689.219,39;17.619.854,62;18.569.075,19;18.501.628,13;19.932.645,17
Kota Sabang;991.648,85;1.070.078,24;1.158.445,21;1.272.466,45;1.397.797,45;1.531.587,09;1.531.407,09;1.595.295,22
Kota Langsa;3.561.909,88;3.874.626,07;4.217.198,50;4.538.276,43;4.873.136,18;5.236.223,62;5.274.021,46;5.781.668,78
Kota Lhokseumawe;9.321.037,70;7.635.732,34;7.728.897,06;8.070.275,16;8.456.724,30;8.898.379,69;8.867.266,49;9.422.285,89
Kota Subulussalam;1.200.969,91;1.295.111,24;1.400.474,98;1.535.463,22;1.622.893,40;1.726.924,11;1.803.678,42;2.122.899,14
Nias;2.442.507,06;2.676.666,07;2.966.279,12;3.233.557,98;3.519.073,75;3.824.854,92;4.040.917,36;4.221.862,94
Mandailing Natal;8.757.767,67;9.586.335,00;10.660.041,33;11.712.509,18;12.618.052,31;13.544.735,74;13.843.000,34;14.880.421,96
Tapanuli Selatan;9.310.326,79;10.058.357,29;10.964.765,64;11.967.961,49;12.882.177,87;13.932.335,09;14.642.157,51;15.471.446,89
Tapanuli Tengah;6.516.462,16;7.140.275,90;7.849.653,79;8.545.375,88;9.229.977,21;9.956.777,57;10.138.833,43;10.618.746,39
Tapanuli Utara;5.429.327,83;5.855.611,46;6.300.290,07;6.765.691,15;7.296.779,10;7.889.049,56;8.274.433,62;8.800.075,99
Toba Samosir;5.173.388,84;5.622.746,15;6.123.907,62;6.635.270,67;7.161.585,79;7.675.387,58;7.845.421,15;8.266.129,67
Labuhan Batu;22.176.001,94;24.083.108,12;26.505.435,84;29.032.570,39;31.302.582,60;33.610.429,38;34.653.178,75;37.606.878,29
Asahan;24.328.572,36;26.465.125,27;29.206.693,06;32.020.190,40;34.664.912,65;37.440.406,46;38.691.821,26;41.994.241,94
Simalungun;25.338.489,15;27.147.461,44;30.122.877,55;32.832.126,15;35.444.572,49;38.057.431,78;39.441.345,33;42.576.878,66
Dairi;6.268.081,86;6.823.161,48;7.484.071,46;7.980.474,09;8.560.775,50;9.166.421,25;9.317.911,39;9.710.798,66
Karo;13.817.089,84;15.150.364,48;16.728.463,25;18.064.319,94;19.220.878,39;20.584.725,88;20.974.574,01;21.824.143,93
Deli Serdang;69.674.059,36;76.734.630,08;85.152.016,85;93.193.893,99;101.060.213,37;109.334.139,96;110.145.244,55;115.306.307,74
Langkat;27.875.253,39;30.741.652,40;34.104.973,47;37.032.251,85;39.867.648,98;42.515.176,42;43.207.997,58;46.301.203,75
Nias Selatan;4.298.078,04;4.729.434,56;5.192.768,07;5.695.736,58;6.247.306,89;6.861.477,66;7.164.267,29;7.420.629,16
Humbang Hasundutan;4.050.099,63;4.413.199,23;4.777.167,43;5.131.048,24;5.527.253,49;5.951.262,90;6.123.455,25;6.356.726,89
Pakpak Bharat;753.920,18;826.175,89;917.383,76;999.871,46;1.086.960,92;1.178.215,25;1.211.352,02;1.270.714,86
Samosir;2.838.074,50;3.143.844,08;3.442.515,66;3.751.630,67;4.085.202,85;4.434.721,24;4.542.852,48;4.755.233,29
Serdang Bedagai;18.457.285,82;20.152.378,11;22.113.823,63;24.094.586,10;25.994.818,88;27.959.443,68;28.602.456,24;30.418.853,85
Batu Bara;23.461.255,46;25.395.318,54;27.554.606,37;29.756.865,20;31.972.004,73;34.047.849,02;34.987.641,76;37.197.713,59
Padang Lawas Utara;7.447.515,52;8.221.914,76;9.073.822,81;9.898.502,97;10.752.123,95;11.619.731,69;12.189.675,24;13.137.918,34
Padang Lawas;7.288.061,90;7.852.526,47;8.808.318,43;9.704.988,45;10.595.866,98;11.371.986,51;11.997.101,20;13.139.141,72
Labuhan Batu Selatan;17.600.717,28;19.052.150,36;21.004.166,83;23.196.313,80;25.124.039,18;27.132.303,86;28.198.968,30;30.754.125,33
Labuhan Batu Utara;16.262.165,43;17.620.179,53;19.374.234,69;21.161.682,73;22.749.934,18;24.378.344,14;25.191.244,23;27.400.504,40
Nias Utara;2.318.653,50;2.525.068,53;2.775.099,01;3.018.446,48;3.250.328,75;3.515.983,26;3.710.035,91;3.875.066,13
Nias Barat;1.183.996,32;1.288.528,17;1.413.804,19;1.543.968,34;1.673.310,72;1.816.847,82;1.922.535,21;2.019.877,91
Kota Sibolga;3.429.307,01;3.835.519,27;4.262.846,90;4.644.671,31;5.063.936,84;5.531.543,45;5.605.466,51;5.796.108,12
Kota Tanjung Balai;5.439.084,74;6.051.917,22;6.722.588,96;7.424.964,63;8.175.687,25;8.951.450,97;9.180.538,15;9.632.703,56
Kota Pematang Siantar;9.555.156,68;10.566.328,26;11.579.290,41;12.443.955,44;13.176.710,84;13.933.249,49;13.920.089,77;14.208.225,58
Kota Tebing Tinggi;3.912.175,21;4.287.864,13;4.725.478,51;5.123.015,86;5.512.517,21;5.924.199,35;6.049.163,10;6.349.945,28
Kota Medan;148.247.321,62;164.721.825,38;184.809.036,60;203.035.741,48;222.483.237,45;241.482.349,90;242.198.241,66;254.721.318,81
Kota Binjai;7.649.060,64;8.382.405,13;9.112.474,35;9.904.809,54;10.765.291,76;11.700.098,06;11.769.065,12;12.317.148,23
Kota Padangsidimpuan;4.001.056,26;4.424.511,32;4.903.282,99;5.372.284,05;5.858.839,13;6.373.126,29;6.478.662,90;6.784.395,75
Kota Gunungsitoli;3.212.355,93;3.594.702,71;4.034.198,13;4.503.049,95;5.001.030,27;5.513.916,66;5.776.114,88;6.017.546,51
Kepulauan Mentawai;3.027.227,07;3.395.690,03;3.725.729,38;4.001.871,06;4.252.824,00;4.665.093,43;4.647.099,18;4.843.813,95
Pesisir Selatan;9.113.793,03;10.197.170,32;11.271.401,87;12.069.519,39;13.045.984,64;14.037.128,66;14.095.977,62;14.927.572,58
Solok;9.408.055,61;10.165.293,72;11.053.489,50;11.783.867,88;12.653.858,53;13.580.513,02;13.522.668,10;14.080.297,40
Sijunjung;6.470.699,67;6.955.425,78;7.439.227,39;7.927.672,63;8.489.458,37;9.148.878,97;9.136.559,73;9.566.572,91
Tanah Datar;9.177.539,50;9.901.482,39;10.734.514,88;11.428.081,54;12.202.819,78;13.090.685,71;13.030.106,61;13.567.807,17
Padang Pariaman;14.152.525,98;15.845.888,21;17.532.873,46;19.038.379,57;20.438.318,45;21.255.473,34;17.934.814,60;18.455.088,03
Agam;13.917.961,86;15.247.791,73;16.693.045,25;17.834.986,34;19.145.918,50;20.540.992,18;20.374.038,30;21.347.404,82
Lima Puluh Kota;10.563.709,21;11.582.971,50;12.677.544,49;13.531.194,73;14.525.483,21;15.625.340,42;15.541.500,82;16.193.413,95
Pasaman;5.951.254,78;6.505.370,04;7.335.785,21;7.801.982,13;8.318.765,11;8.907.768,50;8.969.724,02;9.433.249,73
Solok Selatan;3.891.123,97;4.236.186,58;4.598.219,45;4.893.871,26;5.214.850,48;5.574.519,08;5.530.553,59;5.777.977,93
Dharmasraya;7.155.333,63;7.725.469,65;8.437.660,72;9.054.276,65;9.697.640,71;10.349.563,18;10.245.774,28;10.756.664,96
Pasaman Barat;10.703.305,87;11.712.936,57;12.794.249,97;13.699.696,35;14.603.178,20;15.401.338,07;15.253.000,84;15.931.875,79
Kota Padang;41.265.599,60;45.092.946,85;49.386.263,76;53.091.095,10;57.506.842,01;62.420.470,82;62.181.006,08;65.179.471,01
Kota Solok;2.729.052,35;2.964.889,59;3.241.245,94;3.469.035,58;3.728.256,36;4.047.979,83;4.041.639,82;4.251.892,56
Kota Sawah Lunto;2.513.741,79;2.715.005,06;2.937.954,38;3.165.214,99;3.404.518,84;3.679.850,22;3.656.590,97;3.850.697,74
Kota Padang Panjang;2.347.905,13;2.533.045,04;2.774.050,10;2.974.350,89;3.198.031,98;3.474.832,65;3.473.230,92;3.651.118,22
Kota Bukittinggi;5.635.927,99;6.169.750,95;6.783.086,09;7.453.106,84;8.011.062,02;8.695.316,61;8.627.533,47;9.026.564,58
Kota Payakumbuh;4.180.520,73;4.654.975,54;5.203.120,37;5.639.684,44;6.134.700,30;6.825.167,93;6.824.350,92;7.290.850,77
Kota Pariaman;3.406.271,20;3.699.443,57;4.036.741,93;4.309.010,19;4.615.745,62;5.005.498,56;4.994.093,58;5.258.657,03
Kuantan Singingi;24.021.736,43;25.194.883,23;27.521.697,88;29.504.316,04;30.463.627,94;31.869.962,39;33.748.582,55;38.839.335,73
Indragiri Hulu;33.762.481,76;34.583.595,62;37.033.140,69;38.726.745,61;40.386.220,27;41.592.733,57;42.511.317,32;48.956.990,14
Indragiri Hilir;47.821.678,35;51.800.092,51;57.291.702,92;60.870.710,94;60.180.013,34;62.697.908,77;65.014.311,80;73.324.096,96
Pelalawan;35.401.165,31;38.176.433,57;41.164.867,70;43.840.641,91;46.073.490,30;47.732.021,83;50.681.062,93;57.618.561,10
Siak;85.735.522,14;77.235.572,31;78.941.933,07;79.593.518,66;84.262.911,87;82.105.132,65;77.038.218,14;89.854.707,76
Kampar;68.816.910,00;66.285.164,73;69.676.254,62;71.571.023,54;77.152.929,69;77.267.151,39;73.076.305,45;86.670.331,29
Rokan Hulu;25.355.416,52;26.907.158,04;29.145.614,95;30.992.304,95;32.290.185,17;33.882.260,19;36.087.003,01;42.187.410,02
Bengkalis;165.899.036,53;135.504.919,07;132.200.503,50;132.978.169,70;148.603.299,81;140.378.907,05;114.583.700,95;139.613.184,71
Rokan Hilir;74.545.552,92;70.692.968,31;73.268.027,78;73.997.256,13;78.620.928,77;74.588.117,75;67.948.117,75;80.609.736,75
Kepulauan Meranti;15.127.124,09;15.151.635,81;16.044.100,32;16.725.883,45;18.163.640,55;18.394.545,30;18.066.187,19;21.093.086,19
Kota Pekanbaru;73.841.218,20;83.663.984,07;92.129.330,93;101.113.420,01;108.571.373,04;118.763.892,06;115.505.700,59;126.555.680,95
Kota Dumai;23.628.466,85;25.453.569,61;27.962.260,29;30.342.836,58;33.076.213,76;36.147.146,52;36.326.791,39;39.999.408,33
Kerinci;6.239.846,93;7.072.065,95;8.052.841,08;8.875.707,51;9.408.036,38;9.912.468,66;10.466.733,00;11.291.291,38
Merangin;9.546.408,12;10.588.274,13;12.129.532,64;13.518.638,50;14.452.747,43;15.288.073,47;15.698.885,31;17.886.761,38
Sarolangun;10.439.656,52;11.176.443,84;12.238.482,03;13.451.752,83;14.502.492,18;15.126.920,14;14.443.775,84;16.635.758,06
Batang Hari;10.981.268,58;12.062.828,49;13.358.217,27;14.695.344,69;15.663.916,87;16.463.293,47;16.401.509,24;18.810.816,20
Muaro Jambi;15.384.264,23;17.048.618,24;19.137.815,09;21.334.800,47;22.960.990,21;24.294.993,41;24.419.835,33;27.749.946,12
Tanjung Jabung Timur;18.779.228,77;17.776.845,35;18.712.179,77;21.044.142,88;24.111.743,94;24.680.300,18;19.475.298,92;21.881.302,19
Tanjung Jabung Barat;29.238.040,97;29.468.506,10;31.443.365,82;35.670.940,16;41.458.277,05;42.945.449,52;37.097.799,20;42.039.495,22
Tebo;9.235.254,72;10.315.527,95;11.633.880,82;12.981.953,63;13.839.068,46;14.593.435,01;14.746.657,85;16.960.380,36
Bungo;11.808.513,68;12.985.938,91;14.371.138,37;16.022.888,06;17.303.257,12;17.895.939,78;17.315.166,89;20.153.106,87
Kota Jambi;18.977.510,71;21.293.452,91;24.405.528,00;26.293.309,98;28.797.406,24;30.636.929,87;29.511.691,75;31.918.125,46
Kota Sungai Penuh;4.314.514,73;4.984.680,69;5.731.479,59;6.371.292,65;6.951.102,40;7.479.424,37;7.562.248,32;7.980.858,72
Ogan Komering Ulu;9.989.903,45;10.674.631,66;11.470.607,49;12.373.945,60;13.383.129,98;14.647.672,61;14.815.139,63;15.673.836,98
Ogan Komering Ilir;19.985.551,88;21.831.861,30;23.312.037,08;25.096.493,50;26.839.366,84;28.752.468,86;29.292.965,54;31.265.259,32
Muara Enim;37.445.835,61;40.934.375,33;41.766.505,15;45.782.758,92;52.695.301,68;57.333.510,43;57.475.853,19;64.828.549,08
Lahat;13.229.171,44;13.857.853,68;14.262.695,31;15.035.348,18;15.984.334,26;17.130.200,59;17.231.671,29;18.613.333,64
Musi Rawas;13.376.410,36;14.139.033,74;14.758.367,54;15.877.312,25;17.495.006,76;19.062.784,30;19.237.351,36;20.418.194,66
Musi Banyuasin;52.182.680,17;53.388.149,28;52.773.522,43;56.020.033,18;60.861.458,42;65.810.995,08;65.943.884,71;72.640.744,68
Banyu Asin;19.133.846,42;20.822.405,21;22.732.940,22;24.501.190,27;26.542.714,39;28.655.740,78;29.100.611,08;30.985.983,76
Ogan Komering Ulu Selatan;5.805.754,15;6.376.851,38;7.014.614,65;7.592.138,10;8.136.433,71;8.785.707,21;8.971.730,78;9.531.808,70
Ogan Komering Ulu Timur;9.853.812,98;11.101.332,22;12.132.110,04;12.823.900,21;13.727.122,43;14.935.851,05;15.282.540,50;16.252.930,05
Ogan Ilir;7.343.690,09;8.185.183,22;8.833.776,21;9.514.376,07;10.315.106,26;11.159.403,69;11.328.476,71;12.056.061,28
Empat Lawang;3.468.226,64;3.838.687,96;4.159.754,50;4.407.371,57;4.695.136,07;4.991.079,29;5.084.151,68;5.405.120,97
Penukal Abab Lematang Ilir;4.747.875,93;5.097.934,94;5.386.871,30;5.845.939,29;6.493.087,88;7.083.680,44;7.129.729,96;7.537.926,06
Musi Rawas Utara;5.776.352,69;5.948.210,41;6.055.725,82;6.393.132,20;6.751.112,19;7.103.694,80;7.194.147,71;7.720.657,60
Kota Palembang;95.072.887,97;108.143.796,04;118.344.290,90;129.400.326,07;141.908.624,74;154.220.318,08;155.215.360,37;162.644.956,98
Kota Prabumulih;5.068.146,47;5.575.389,63;6.109.113,84;6.586.289,06;7.169.125,12;7.791.060,71;7.867.373,17;8.349.346,47
Kota Pagar Alam;2.133.099,91;2.277.689,43;2.414.362,30;2.548.519,71;2.673.294,03;2.791.616,17;2.830.358,47;3.005.950,38
Kota Lubuklinggau;4.192.395,04;4.671.077,89;5.150.602,92;5.636.432,14;6.135.202,03;6.643.681,12;6.718.226,52;7.041.967,89
Bengkulu Selatan;3.611.180,63;4.024.789,80;4.439.346,38;4.872.689,58;5.302.895,82;5.707.513,37;5.819.775,10;6.196.477,87
Rejang Lebong;5.931.321,18;6.575.854,90;7.255.545,34;7.946.952,77;8.685.050,70;9.368.975,74;9.537.298,77;10.091.527,86
Bengkulu Utara;5.163.512,98;5.736.575,99;6.355.318,00;6.977.776,77;7.609.325,45;8.250.039,75;8.416.315,32;9.854.645,73
Kaur;2.202.177,25;2.455.108,57;2.711.624,20;2.967.017,65;3.239.535,50;3.524.507,74;3.612.336,74;3.900.866,44
Seluma;2.882.618,81;3.186.258,27;3.501.665,37;3.840.069,99;4.215.214,35;4.613.171,16;4.730.445,40;5.053.600,65
Mukomuko;3.208.335,51;3.566.817,55;3.947.820,99;4.335.451,57;4.744.397,67;5.155.269,33;5.265.065,83;5.662.686,73
Lebong;2.088.198,08;2.330.642,70;2.593.975,87;2.859.948,65;3.092.456,97;3.346.031,32;3.400.862,20;3.627.794,31
Kepahiang;2.639.201,61;2.952.974,30;3.280.545,29;3.637.168,66;3.981.493,92;4.318.930,18;4.409.812,30;4.748.460,94
Bengkulu Tengah;2.947.947,18;3.256.844,68;3.564.775,75;3.902.668,69;4.253.687,13;4.606.570,36;4.672.104,07;5.466.242,46
Kota Bengkulu;14.236.811,32;15.815.848,05;17.550.068,62;19.277.488,21;21.223.089,15;23.210.398,95;23.498.494,85;24.974.924,45
Lampung Barat;4.658.128,97;5.127.309,98;5.617.121,06;6.116.299,64;6.590.613,92;7.095.651,44;7.131.893,53;7.482.438,38
Tanggamus;10.201.714,84;11.130.370,39;12.328.002,55;13.414.930,28;14.514.451,95;15.590.931,00;15.468.955,86;16.337.473,45
Lampung Selatan;28.269.093,77;31.412.780,96;34.915.655,18;38.322.378,83;41.586.070,38;44.685.372,69;44.293.004,62;46.414.301,74
Lampung Timur;29.536.062,54;30.646.874,01;33.085.538,85;36.143.304,94;39.350.063,30;41.604.649,03;40.674.864,70;42.849.828,53
Lampung Tengah;44.356.772,18;48.878.369,43;55.171.371,03;60.955.292,63;66.094.623,15;71.017.112,22;71.070.419,60;74.335.949,95
Lampung Utara;15.391.118,83;16.841.313,09;18.745.986,53;20.532.899,60;22.137.786,99;23.780.218,40;23.765.918,96;24.865.074,77
Way Kanan;9.157.912,05;10.062.994,55;11.060.713,00;12.108.683,35;13.055.240,53;13.981.191,16;13.985.521,71;14.661.891,51
Tulangbawang;14.939.765,97;16.194.045,00;17.992.071,46;19.861.020,48;21.481.669,86;23.063.585,89;23.083.257,34;24.166.429,55
Pesawaran;10.817.941,13;11.716.513,04;12.860.673,51;13.994.055,99;15.099.607,10;16.208.211,81;16.211.738,92;16.842.980,48
Pringsewu;7.358.605,88;8.036.956,55;8.896.058,18;9.685.778,49;10.389.147,21;11.156.953,24;11.166.162,52;11.662.318,85
Mesuji;6.605.670,26;7.313.339,35;8.109.862,27;8.931.802,31;9.691.343,34;10.409.225,01;10.390.753,81;10.894.431,59
Tulang Bawang Barat;7.402.508,68;8.130.613,82;9.042.004,20;9.854.342,36;10.654.951,42;11.445.302,94;11.420.341,01;11.960.549,91
Pesisir Barat;2.921.387,97;3.231.808,68;3.615.624,59;3.947.578,32;4.282.378,16;4.687.389,87;4.692.201,91;4.919.528,99
Kota Bandar Lampung;35.325.852,70;39.428.921,02;44.741.904,31;50.082.837,14;54.609.162,61;59.203.979,34;58.870.136,72;61.502.418,56
Kota Metro;3.999.559,70;4.437.932,33;4.997.830,93;5.481.684,05;5.892.670,42;6.320.907,78;6.289.542,94;6.576.893,19
Bangka;10.174.801,16;11.001.414,69;11.771.680,59;12.807.936,13;13.310.565,01;13.765.427,63;13.933.615,70;16.174.212,30
Belitung;6.731.136,89;7.328.169,22;8.000.983,89;8.739.899,93;9.314.624,93;9.856.802,27;9.826.870,91;11.003.950,48
Bangka Barat;10.686.707,86;11.473.023,90;12.249.432,96;13.221.427,41;13.817.298,69;14.157.204,80;13.416.404,73;15.444.435,06
Bangka Tengah;6.690.270,39;7.056.165,05;7.469.014,47;7.972.210,19;8.213.317,39;8.566.895,53;8.433.246,06;9.332.848,97
Bangka Selatan;6.435.910,81;6.947.753,40;7.541.523,67;8.165.172,68;8.457.248,45;8.664.389,95;8.687.385,79;9.774.046,50
Belitung Timur;5.666.811,35;6.125.941,70;6.604.204,26;7.151.803,12;7.405.859,48;7.713.766,85;7.842.646,25;8.884.225,99
Kota Pangkal Pinang;9.359.677,62;10.234.632,10;11.116.493,26;12.108.566,32;12.955.301,61;13.648.934,02;13.455.954,70;15.385.647,85
Karimun;8.618.461,21;9.632.110,89;10.610.202,29;11.618.487,19;12.628.782,50;13.544.171,26;13.310.630,17;14.195.741,34
Bintan;14.007.538,19;15.481.098,37;16.596.398,21;17.982.664,56;19.597.810,41;21.303.013,23;20.743.697,61;21.251.125,59
Natuna;16.821.784,14;17.893.986,29;18.552.328,13;19.604.964,77;21.123.646,47;21.795.500,69;18.405.913,23;20.870.156,14
Lingga;2.853.651,13;3.043.433,88;3.284.253,46;3.659.729,61;3.969.325,56;4.274.268,90;4.292.433,34;4.499.271,67
Kepulauan Anambas;15.003.715,57;16.074.021,43;16.597.582,16;17.256.606,21;16.849.268,26;17.439.770,75;14.453.581,75;16.697.525,60
Kota Batam;107.219.525,72;120.945.741,00;130.553.208,06;137.925.335,09;151.285.143,46;164.490.115,99;161.364.182,30;172.843.903,78
Kota Tanjung Pinang;14.564.881,51;15.842.107,07;17.065.532,74;18.088.953,23;19.078.150,15;20.167.982,49;19.665.012,39;20.099.373,55
Kep. Seribu;5.636.696,95;6.258.844,27;6.522.313,95;7.200.321,26;8.179.772,89;7.926.263,50;6.451.223,53;8.252.146,35
Kota Jakarta Selatan;394.182.509,04;443.331.980,63;483.271.232,28;532.511.114,79;586.117.970,80;642.464.231,88;643.600.851,88;668.661.660,01
Kota Jakarta Timur;306.044.260,05;346.679.709,60;379.430.754,78;414.702.563,07;453.144.264,84;488.499.494,67;470.237.864,50;500.607.661,04
Kota Jakarta Pusat;429.282.158,60;485.946.532,33;531.114.513,12;581.697.980,10;638.825.987,81;699.838.119,98;700.985.685,26;728.386.100,77
Kota Jakarta Barat;292.981.714,92;328.883.065,25;356.364.555,50;392.281.649,66;431.470.351,64;470.458.815,61;469.054.271,48;493.800.862,53
Kota Jakarta Utara;333.361.987,65;377.954.326,26;407.047.791,17;445.913.787,69;488.514.493,10;522.378.823,59;496.749.600,91;536.036.559,44
Bogor;151.285.005,01;168.081.424,50;184.249.649,50;200.897.681,80;219.239.943,16;237.227.082,05;235.951.257,92;248.934.476,11
Sukabumi;42.506.404,53;46.938.809,31;51.437.373,85;56.001.511,13;61.614.784,05;67.423.121,28;67.468.452,52;70.736.021,34
Cianjur;28.925.212,66;32.349.714,98;35.386.457,73;38.575.001,40;42.971.245,40;46.957.854,90;47.528.966,67;50.137.651,64
Bandung;76.373.667,88;85.619.619,23;94.334.764,17;102.865.597,44;112.982.080,88;123.985.748,99;123.604.309,14;130.474.431,00
Garut;37.084.544,22;40.665.007,46;44.452.442,02;48.029.131,17;53.036.446,70;57.874.566,14;58.043.004,97;60.836.766,32
Tasikmalaya;23.238.433,13;25.666.166,22;27.995.996,39;30.532.533,12;34.023.587,07;37.310.226,47;37.443.447,75;39.285.636,36
Ciamis;20.395.461,43;22.588.229,06;24.524.451,40;26.544.477,04;29.090.461,84;31.536.104,02;31.974.405,03;33.688.053,94
Kuningan;14.998.961,02;16.986.674,71;18.563.286,16;20.463.990,21;22.764.226,08;25.093.153,97;25.618.867,92;26.919.102,72
Cirebon;32.579.051,03;35.734.651,33;38.840.772,25;41.919.286,13;45.499.277,03;49.135.805,70;49.561.301,69;52.309.975,04
Majalengka;19.193.459,31;21.292.618,45;23.207.739,89;25.405.614,58;28.098.356,43;31.340.233,10;32.202.074,92;34.245.617,82
Sumedang;22.345.409,88;24.832.257,27;27.007.794,15;29.638.762,78;32.533.267,44;35.439.626,58;35.489.082,66;37.250.246,15
Indramayu;67.625.220,49;65.377.647,48;66.533.442,40;69.814.296,30;74.920.424,40;80.389.855,61;79.286.229,64;81.594.848,56
Subang;26.815.273,04;29.307.922,87;31.530.209,79;34.259.779,11;37.520.083,22;40.790.680,41;40.146.488,10;42.383.863,51
Purwakarta;45.496.581,80;50.116.706,93;54.575.707,40;58.556.945,77;63.116.672,12;67.709.507,58;67.051.575,74;70.787.503,65
Karawang;156.318.620,93;167.116.457,80;182.984.952,50;197.423.975,34;215.547.356,20;230.201.340,98;224.046.749,85;243.713.200,56
Bekasi;227.590.382,75;246.003.388,86;261.910.564,60;281.821.526,60;305.559.640,00;326.083.640,75;317.779.737,32;340.431.184,46
Bandung Barat;30.679.997,67;33.991.621,68;37.043.259,92;40.204.396,93;43.807.707,40;47.180.080,50;46.478.896,60;48.764.313,89
Pangandaran;7.276.111,78;8.016.496,78;8.683.898,59;9.400.780,12;10.352.224,38;11.311.685,83;11.498.281,70;12.129.790,95
Kota Bogor;29.147.188,40;32.364.900,96;35.400.811,31;38.478.473,74;42.261.020,74;46.197.757,13;45.912.864,14;48.324.144,61
Kota Sukabumi;8.140.751,03;8.971.328,27;9.718.687,89;10.549.217,87;11.472.892,73;12.387.691,54;12.401.540,58;13.052.986,18
Kota Bandung;172.697.869,44;195.774.384,58;216.863.639,62;240.109.626,72;264.393.083,62;288.460.875,98;283.626.741,14;297.116.262,95
Kota Cirebon;15.037.851,20;16.703.880,15;18.139.081,42;19.821.298,75;21.639.256,31;23.491.803,45;23.429.965,78;24.494.812,90
Kota Bekasi;64.109.357,90;70.765.225,84;76.908.860,39;83.327.643,95;90.980.622,26;98.107.697,77;96.493.198,57;101.388.467,68
Kota Depok;43.806.034,57;48.532.645,38;53.331.050,97;58.408.776,96;64.363.243,60;70.964.044,30;70.382.870,52;74.374.255,73
Kota Cimahi;20.568.719,91;22.646.621,73;24.563.810,76;26.580.075,56;29.240.033,01;32.639.542,12;32.210.686,58;34.257.398,30
Kota Tasikmalaya;13.623.802,80;15.237.174,55;16.751.144,10;18.265.988,56;19.977.556,15;21.750.914,27;21.589.489,40;22.845.559,84
Kota Banjar;3.011.084,28;3.329.890,96;3.606.181,87;3.848.361,95;4.106.618,59;4.379.813,96;4.445.979,10;4.679.279,04
Cilacap;92.025.901,06;98.876.586,98;99.033.565,66;103.921.776,03;109.699.658,75;114.117.079,76;105.150.538,55;110.262.462,98
Banyumas;34.923.374,71;38.798.789,35;42.016.940,50;45.585.979,73;49.896.126,75;53.948.860,05;53.682.118,37;56.919.815,96
Purbalingga;16.630.445,01;18.426.159,76;19.984.164,28;21.439.650,09;23.190.328,56;24.917.589,96;25.093.682,28;26.393.807,46
Banjarnegara;14.342.957,21;15.851.808,40;17.217.246,96;18.545.598,40;20.069.802,33;21.599.477,27;21.694.375,77;22.827.887,30
Kebumen;18.645.422,21;20.779.286,13;22.434.948,76;24.068.988,49;26.037.016,66;27.936.659,65;28.014.905,70;29.563.144,02
Purworejo;12.660.418,96;13.865.643,62;15.013.872,35;16.155.396,44;17.407.507,43;18.657.373,14;18.646.488,02;19.616.171,28
Wonosobo;13.001.090,49;14.136.660,57;15.367.781,80;16.255.103,40;17.493.244,85;18.807.664,10;18.838.679,07;19.856.862,36
Magelang;21.923.411,31;24.148.644,16;26.232.349,05;28.183.854,01;30.339.465,47;32.497.408,50;32.462.030,10;34.176.312,43
Boyolali;21.117.415,24;23.567.823,14;25.756.715,67;27.914.646,55;30.258.836,39;32.665.981,16;32.696.289,90;34.906.160,78
Klaten;26.270.890,31;28.988.778,55;31.619.241,19;34.174.819,85;36.993.970,46;39.766.522,78;39.945.640,38;42.295.255,88
Sukoharjo;24.407.488,81;26.700.716,80;29.130.306,98;31.621.414,17;34.211.246,04;36.945.880,36;36.890.533,42;38.990.458,19
Wonogiri;19.668.236,61;21.585.475,62;23.329.378,86;25.104.341,16;27.136.616,42;29.044.917,06;29.165.548,14;30.580.892,45
Karanganyar;24.635.058,52;26.904.049,89;29.172.749,37;31.552.289,97;34.324.380,71;37.014.752,03;37.023.453,39;39.158.453,93
Sragen;24.569.005,63;27.315.123,08;29.826.142,98;32.410.814,98;35.100.061,65;37.836.230,82;37.850.990,68;40.087.775,48
Grobogan;18.181.835,66;20.182.089,20;21.764.917,28;23.463.543,25;25.407.053,22;27.278.521,82;27.268.744,50;28.815.024,86
Blora;15.101.975,26;16.368.347,06;20.010.947,35;21.865.831,17;24.631.543,50;25.965.937,47;24.013.984,57;26.960.315,27
Rembang;12.821.715,64;13.897.816,58;14.871.689,64;16.324.716,54;17.690.102,92;18.944.046,78;18.943.648,80;20.071.106,77
Pati;28.504.861,79;31.263.149,21;33.953.935,22;36.790.695,26;39.901.328,44;43.039.953,68;43.288.579,86;45.570.727,47
Kudus;78.810.084,96;84.126.632,80;90.091.575,43;97.163.854,20;104.056.376,22;110.580.428,47;109.532.704,12;108.214.899,14
Jepara;20.067.294,01;22.096.348,25;23.949.816,71;25.785.377,48;27.996.907,49;30.230.196,61;30.175.170,54;32.045.698,36
Demak;17.381.397,08;19.333.986,41;20.938.835,69;22.621.049,05;24.429.141,74;26.184.294,58;26.546.066,41;27.646.728,98
Semarang;33.160.762,12;36.378.517,15;39.528.618,88;42.621.419,92;46.188.055,96;49.620.375,46;49.046.716,57;51.805.057,31
Temanggung;14.592.453,38;16.139.711,67;17.548.930,01;18.807.712,01;20.229.292,56;21.648.988,07;21.557.077,66;22.627.792,08
Kendal;28.194.358,49;30.951.644,16;33.797.968,33;36.520.986,43;39.548.993,26;42.550.706,97;42.586.191,23;45.164.800,80
Batang;14.408.439,19;15.908.510,08;17.279.827,39;18.661.966,98;20.180.576,47;21.585.719,48;21.621.362,81;23.125.755,99
Pekalongan;15.268.426,26;16.803.659,86;18.256.295,67;19.709.225,70;21.314.311,91;22.857.063,60;22.803.192,93;24.030.302,70
Pemalang;16.751.917,32;18.491.385,49;20.213.315,71;21.860.524,17;23.670.900,26;25.483.601,77;25.820.820,04;27.446.905,64
Tegal;23.108.651,43;25.608.642,44;28.025.643,38;30.278.514,25;32.770.354,50;35.217.969,61;35.300.027,84;37.335.993,58
Brebes;30.899.921,71;34.444.079,42;37.448.715,50;39.963.111,45;42.973.395,36;46.178.657,58;47.074.595,60;48.938.736,57
Kota Magelang;5.926.218,36;6.480.578,87;7.023.900,08;7.606.070,53;8.201.328,71;8.806.285,60;8.713.158,54;9.178.780,19
Kota Surakarta;32.062.446,90;34.970.374,09;37.771.066,12;41.042.339,48;44.429.816,95;47.999.714,41;47.621.820,53;50.371.564,19
Kota Salatiga;8.870.865,65;9.714.869,85;10.534.591,57;11.382.348,72;12.339.179,98;13.310.955,95;13.271.841,36;14.006.588,97
Kota Semarang;122.109.871,16;134.205.838,01;147.049.319,76;160.292.032,03;175.223.201,26;191.352.036,29;188.757.189,33;205.385.442,81
Kota Pekalongan;7.092.776,58;7.778.271,61;8.507.535,11;9.274.261,81;10.089.284,87;10.873.976,04;10.818.530,64;11.428.319,23
Kota Tegal;10.060.187,39;10.979.950,43;11.963.075,45;12.996.752,28;14.104.486,26;15.284.713,52;15.224.661,62;16.017.144,53
Kulon Progo;7.056.571,83;7.671.547,97;8.312.004,62;9.060.465,33;10.312.524,40;11.995.771,60;11.654.319,89;12.443.063,83
Bantul;17.682.924,92;19.325.203,26;20.913.085,87;22.611.706,74;24.450.119,35;26.310.972,65;26.161.312,58;28.090.839,23
Gunung Kidul;12.557.371,25;13.798.656,90;14.980.280,92;16.199.841,88;17.527.715,77;18.844.736,16;18.972.196,51;20.418.147,24
Sleman;30.912.238,73;33.826.505,37;36.932.843,19;40.047.863,60;43.779.043,69;47.467.978,09;45.824.033,15;49.500.004,48
Kota Yogyakarta;24.664.285,46;26.791.936,32;28.895.413,05;31.309.045,23;33.787.580,59;36.492.640,29;35.757.539,56;38.416.517,89
Pacitan;10.492.186,25;11.590.629,69;12.767.107,16;13.775.322,27;14.968.406,92;15.961.908,38;15.785.198,22;16.381.242,92
Ponorogo;13.394.065,79;14.916.033,72;16.419.185,21;17.690.420,18;19.174.225,22;20.483.747,99;20.513.377,29;21.350.008,03
Trenggalek;12.297.003,08;13.634.752,75;14.915.815,54;16.081.654,54;17.354.536,72;18.553.191,68;18.314.461,26;19.198.246,56
Tulungagung;25.780.589,58;28.415.295,14;31.126.134,19;33.640.178,00;36.496.034,11;39.215.494,09;38.225.985,76;40.166.674,57
Blitar;24.140.619,61;26.779.686,25;29.335.080,94;31.574.359,64;34.117.382,48;36.447.136,40;36.023.963,44;37.819.725,54
Kediri;27.755.230,16;30.497.513,79;33.211.388,47;35.789.536,58;38.588.231,96;41.183.683,13;40.626.769,97;42.690.467,18
Malang;65.930.894,90;73.841.927,23;81.784.426,73;88.979.167,77;96.827.576,78;103.744.108,29;102.027.831,62;107.036.381,17
Lumajang;21.983.119,39;24.417.114,79;26.651.841,83;28.632.849,08;30.690.435,08;32.620.951,10;32.062.005,43;33.678.623,82
Jember;50.602.097,14;56.377.371,43;62.512.680,47;67.389.720,71;72.012.095,82;77.225.705,69;76.039.982,77;81.068.836,11
Banyuwangi;53.371.199,34;60.179.292,92;66.345.968,12;72.130.211,49;77.842.238,51;83.595.729,11;81.102.879,31;85.916.015,98
Bondowoso;13.075.133,90;14.485.607,44;15.862.629,59;17.126.689,64;18.494.809,78;19.854.048,49;19.935.592,83;21.052.227,04
Situbondo;13.338.818,12;14.795.652,68;16.280.756,23;17.475.016,03;18.857.949,19;20.210.136,30;20.041.854,99;21.200.850,96
Probolinggo;23.157.982,75;25.688.562,79;28.067.417,49;29.961.627,15;32.012.209,36;34.013.658,49;33.721.074,70;35.605.523,95
Pasuruan;94.881.629,13;104.778.419,68;114.882.794,09;124.879.824,94;135.865.997,28;145.875.790,93;145.592.018,21;157.150.726,22
Sidoarjo;131.645.828,12;146.080.889,65;160.020.653,40;174.180.087,58;189.256.005,53;204.201.621,58;197.240.690,84;210.643.892,26
Mojokerto;53.203.566,97;59.184.934,96;65.115.825,40;70.763.170,44;76.678.340,30;82.387.909,08;81.940.857,92;87.261.737,45
Jombang;26.339.071,02;29.147.967,86;31.982.916,40;34.819.819,90;37.880.234,58;40.452.477,72;39.870.881,37;41.747.666,03
Nganjuk;17.243.817,85;19.122.237,83;21.113.913,82;22.799.234,53;24.782.292,72;26.651.116,15;26.601.161,82;28.053.330,72
Madiun;12.532.050,39;13.901.453,99;15.226.950,78;16.374.841,49;17.636.096,67;18.931.550,75;18.917.154,93;19.760.012,93
Magetan;12.564.000,08;13.880.128,09;15.196.416,51;16.293.369,22;17.623.924,55;18.850.232,70;18.771.762,65;19.587.872,44
Ngawi;13.311.843,68;14.994.495,90;16.529.645,44;17.710.412,32;19.140.125,79;20.432.646,96;20.270.971,90;20.814.462,59
Bojonegoro;50.533.944,25;48.606.460,47;55.581.366,82;64.866.179,79;73.228.592,69;78.046.325,64;70.258.513,15;83.439.175,55
Tuban;43.801.544,98;48.137.740,35;52.307.042,65;56.401.066,51;60.739.045,79;64.992.760,39;62.323.068,16;65.901.686,00
Lamongan;25.704.516,02;28.746.240,01;31.707.259,20;34.270.505,03;37.224.236,78;39.725.484,59;39.169.585,94;41.042.888,64
Gresik;93.797.705,63;100.723.787,28;107.876.584,74;118.519.230,76;130.229.387,28;138.893.603,68;134.268.558,41;144.435.271,88
Bangkalan;21.708.648,10;19.198.939,87;20.134.399,74;21.654.591,44;23.846.656,10;24.664.205,21;23.290.005,86;24.664.642,11
Sampang;14.628.275,70;14.697.247,26;16.244.981,29;17.619.499,54;19.105.375,54;19.788.732,21;19.842.573,38;20.591.346,10
Pamekasan;11.067.050,22;12.299.295,33;13.528.033,51;14.620.575,97;15.912.846,04;17.028.502,84;16.793.846,98;17.659.220,99
Sumenep;28.311.397,32;27.156.114,49;28.970.738,52;30.546.237,92;32.703.554,24;33.298.636,46;32.750.242,14;35.187.838,00
Kota Kediri;87.704.151,71;95.865.244,55;106.396.452,52;115.650.217,21;127.716.773,70;139.244.873,64;132.406.061,08;141.467.122,88
Kota Blitar;4.354.284,12;4.819.127,97;5.331.286,72;5.782.364,14;6.301.693,00;6.791.619,37;6.708.144,94;7.113.597,21
Kota Malang;46.563.213,33;51.824.393,84;57.170.601,59;62.089.303,68;67.696.347,84;72.764.205,45;72.163.188,51;76.617.344,92
Kota Probolinggo;7.260.721,51;8.072.103,96;8.888.112,97;9.660.035,06;10.521.393,65;11.349.178,22;11.074.503,33;11.699.903,01
Kota Pasuruan;5.346.073,91;5.949.432,50;6.559.009,28;7.105.188,52;7.707.010,78;8.287.819,46;8.047.228,39;8.491.125,83
Kota Mojokerto;4.427.098,97;4.881.579,51;5.370.366,43;5.828.234,68;6.333.225,96;6.801.696,59;6.588.057,71;6.935.632,33
Kota Madiun;9.214.100,74;10.192.067,51;11.184.109,38;12.111.900,47;13.128.893,64;14.107.339,90;13.769.291,38;14.699.829,08
Kota Surabaya;365.350.944,38;406.223.496,23;451.383.235,71;493.026.304,54;538.845.464,92;580.488.529,01;554.509.457,38;590.227.966,81
Kota Batu;10.259.709,10;11.510.377,15;12.901.676,73;14.241.465,52;15.640.890,16;16.924.991,20;15.916.798,76;16.841.143,98
Pandeglang;18.203.769,04;20.347.502,53;22.139.872,30;24.182.302,52;26.183.539,56;27.931.123,75;28.408.852,01;29.791.701,73
Lebak;18.594.546,00;20.672.211,00;22.482.282,68;24.485.545,31;26.602.743,20;28.725.281,30;29.036.888,00;30.664.748,91
Tangerang;91.410.471,61;101.659.420,00;109.397.781,94;118.994.083,83;129.825.980,84;140.089.287,58;135.737.063,34;145.210.123,57
Serang;51.320.986,07;56.206.274,22;60.870.172,49;65.905.439,09;71.521.738,86;76.906.395,06;76.197.662,84;80.464.271,97
Kota Tangerang;109.956.046,12;124.650.833,68;136.182.236,12;149.005.544,80;161.359.628,33;171.732.446,27;143.661.690,85;150.330.292,35
Kota Cilegon;69.749.374,15;77.057.930,37;81.953.574,00;88.871.488,80;96.909.883,40;103.931.063,56;103.062.082,63;110.584.879,03
Kota Serang;19.657.736,04;21.906.350,47;24.054.820,16;26.452.445,43;28.980.866,42;31.602.577,25;31.586.332,78;33.347.121,93
Kota Tangerang Selatan;50.074.110,56;56.237.398,04;61.300.797,10;67.980.904,38;75.043.782,35;82.769.481,67;82.503.323,50;87.863.932,52
Jembrana;9.019.992,48;10.198.250,21;11.167.668,32;12.116.480,97;13.136.607,05;14.136.696,15;13.439.113,88;13.510.134,96
Tabanan;15.065.928,68;16.996.230,68;18.630.249,74;20.376.580,82;22.127.882,05;23.795.932,13;22.257.584,90;22.010.142,15
Badung;37.273.280,81;42.429.247,56;47.208.168,58;52.343.653,65;57.791.252,39;62.836.113,71;49.014.032,82;44.803.893,26
Gianyar;17.909.150,36;20.140.341,98;22.113.248,92;24.224.219,01;26.460.397,14;28.520.276,65;25.865.367,63;25.836.189,68
Klungkung;5.676.493,46;6.426.232,35;7.112.017,62;7.784.619,12;8.459.337,54;9.099.504,10;8.450.673,79;8.529.432,93
Bangli;4.381.727,04;4.945.787,78;5.457.228,40;5.976.573,29;6.490.234,11;6.993.642,45;6.716.214,81;6.799.144,31
Karangasem;10.785.065,91;12.233.229,08;13.410.890,81;14.598.384,61;15.886.255,44;17.086.880,04;16.407.774,86;16.487.624,87
Buleleng;22.354.955,40;25.170.264,31;27.690.111,55;30.318.755,13;32.926.626,84;35.362.315,65;33.306.168,65;33.337.288,29
Kota Denpasar;34.209.865,60;38.423.924,40;42.384.434,38;46.835.754,88;51.374.779,12;55.456.044,06;49.558.961,84;49.588.376,87
Lombok Barat;10.131.268,52;11.447.645,39;12.633.108,42;13.942.828,32;14.470.435,89;15.452.078,97;14.568.486,61;15.408.634,77
Lombok Tengah;11.665.561,76;13.125.816,38;14.423.751,17;15.779.244,25;16.702.136,71;17.847.298,26;16.665.542,92;17.689.609,49
Lombok Timur;12.869.222,21;14.489.330,76;15.971.050,95;17.549.454,41;18.835.069,42;20.312.142,09;20.018.948,94;21.054.174,87
Sumbawa;9.074.924,98;10.287.183,96;11.373.041,39;12.648.920,99;13.686.854,44;14.803.285,32;14.446.302,69;15.011.267,96
Dompu;4.469.339,12;5.039.054,07;5.554.267,88;6.144.742,11;6.670.370,66;7.164.672,91;7.064.877,75;7.340.897,47
Bima;7.310.492,15;8.286.053,83;9.130.540,37;10.030.687,02;10.832.083,05;11.630.913,49;11.405.663,73;11.857.277,94
Sumbawa Barat;9.435.817,60;23.050.342,93;25.731.463,84;23.938.406,18;17.143.397,69;17.431.937,24;22.764.198,25;23.767.388,78
Lombok Utara;3.249.527,01;3.618.131,30;3.972.339,10;4.353.683,20;4.461.899,51;4.862.645,87;4.548.851,57;4.719.894,53
Kota Mataram;11.634.045,06;13.214.577,87;14.799.967,44;16.521.355,94;17.964.323,18;19.477.378,82;18.668.930,89;19.695.184,00
Kota Bima;2.671.111,92;2.994.127,63;3.299.429,61;3.632.894,65;3.945.922,44;4.267.454,87;4.133.125,73;4.301.027,00
Sumba Barat;1.468.150,93;1.641.001,71;1.827.798,88;1.988.825,40;2.168.939,69;2.334.270,55;2.351.536,21;2.416.855,13
Sumba Timur;4.047.995,07;4.505.551,74;4.958.378,60;5.370.176,55;5.816.332,94;6.256.177,54;6.257.494,23;6.405.710,48
Kupang;4.910.842,05;5.458.399,30;6.020.701,71;6.530.311,30;7.140.157,68;7.602.122,20;7.649.032,79;7.984.705,90
Timor Tengah Selatan;4.978.758,63;5.556.517,73;6.158.789,00;6.727.603,93;7.369.199,07;7.919.627,89;7.942.731,08;8.243.662,17
Timor Tengah Utara;2.702.445,92;2.980.587,86;3.269.833,75;3.532.401,90;3.825.631,29;4.088.904,66;4.085.185,47;4.222.693,09
Belu;2.771.483,64;3.086.498,15;3.451.520,77;3.784.671,22;4.147.192,39;4.482.254,45;4.551.768,09;4.700.075,35
Alor;1.989.147,90;2.193.226,89;2.409.878,18;2.594.740,35;2.831.309,80;3.055.042,20;3.052.804,74;3.166.927,37
Lembata;1.205.424,66;1.332.113,33;1.465.327,12;1.586.163,06;1.724.744,75;1.856.806,64;1.853.919,18;1.914.034,98
Flores Timur;3.485.982,37;3.813.036,73;4.163.252,66;4.511.123,61;4.900.913,87;5.246.068,64;5.269.528,86;5.381.281,77
Sikka;3.294.804,86;3.608.056,52;3.973.809,47;4.326.749,11;4.732.351,03;5.121.992,55;5.114.229,61;5.310.380,62
Ende;4.111.693,78;4.482.838,47;4.910.666,46;5.266.647,40;5.689.963,48;6.105.192,79;6.075.210,35;6.314.745,70
Ngada;2.283.303,98;2.525.254,85;2.788.919,74;3.014.618,68;3.233.025,30;3.473.019,37;3.493.611,56;3.576.500,83
Manggarai;2.981.741,89;3.296.574,74;3.640.754,76;3.964.645,60;4.332.594,72;4.677.114,28;4.651.357,55;4.757.389,54
Rote Ndao;1.890.299,60;2.161.712,70;2.404.822,55;2.635.282,43;2.883.900,16;3.133.983,68;3.169.734,41;3.274.710,70
Manggarai Barat;2.197.862,66;2.417.723,30;2.656.881,72;2.896.539,40;3.187.960,31;3.466.379,69;3.519.340,01;3.611.199,39
Sumba Tengah;750.334,28;828.921,42;917.156,60;999.011,85;1.093.556,51;1.176.634,28;1.195.858,81;1.230.399,74
Sumba Barat Daya;2.418.127,04;2.690.033,99;2.960.487,63;3.198.892,30;3.478.338,00;3.754.697,90;3.769.102,22;3.887.098,60
Nagekeo;1.464.981,20;1.624.933,82;1.772.395,72;1.928.589,99;2.102.044,11;2.241.365,60;2.274.350,13;2.346.535,11
Manggarai Timur;2.038.355,68;2.254.263,73;2.493.607,12;2.720.529,18;2.969.624,88;3.212.949,34;3.288.889,87;3.412.914,20
Sabu Raijua;870.102,70;968.545,90;1.079.238,74;1.190.444,51;1.306.609,03;1.416.734,04;1.414.249,01;1.448.890,09
Malaka;1.789.173,94;1.971.478,19;2.180.755,16;2.357.373,35;2.567.429,42;2.780.150,45;2.833.048,15;2.929.914,19
Kota Kupang;14.815.425,28;16.688.432,34;18.763.435,12;20.571.174,23;22.498.164,62;24.410.950,69;23.912.780,35;24.344.492,15
Sambas;13.215.748,05;14.634.425,28;16.026.436,38;17.506.898,83;18.984.588,50;20.529.976,46;20.669.991,12;22.290.194,08
Bengkayang;5.564.061,32;6.123.474,99;6.724.042,41;7.389.965,41;7.999.796,42;8.645.002,95;8.672.733,96;9.318.527,83
Landak;6.715.822,69;7.446.559,17;8.193.698,63;8.963.775,89;9.755.298,04;10.546.904,63;10.739.185,16;11.614.172,69
Mempawah;5.039.964,56;5.667.621,16;6.320.309,80;6.968.917,65;7.603.864,08;8.298.154,64;8.545.286,33;9.084.515,84
Sanggau;12.910.782,65;14.013.180,70;15.472.499,26;16.897.887,24;18.119.163,60;19.158.574,37;19.921.366,78;21.678.774,37
Ketapang;15.966.719,89;17.549.294,43;20.021.146,13;22.495.910,92;25.000.288,86;27.488.713,49;28.105.903,35;30.911.315,92
Sintang;9.294.686,57;10.216.109,82;11.202.046,76;12.282.698,81;13.390.619,49;14.681.419,84;14.711.073,81;15.749.078,86
Kapuas Hulu;6.379.788,27;7.059.376,64;7.842.491,20;8.678.123,81;9.427.193,33;10.205.696,04;10.273.876,10;11.071.935,29
Sekadau;3.911.830,73;4.338.988,72;4.808.581,69;5.314.817,43;5.856.919,48;6.432.288,91;6.568.785,10;7.132.689,94
Melawi;3.330.609,19;3.670.097,36;4.007.440,04;4.359.086,19;4.740.568,63;5.143.748,58;5.232.208,59;5.626.604,42
Kayong Utara;2.516.356,10;2.807.060,27;3.152.560,95;3.490.006,30;3.796.363,35;4.133.122,22;4.206.755,27;4.533.731,24
Kubu Raya;16.664.997,03;18.894.280,29;21.135.942,12;23.700.994,16;26.343.571,76;29.105.094,88;28.930.519,42;31.231.417,06
Kota Pontianak;25.069.682,22;27.920.136,59;30.474.535,15;33.416.835,37;36.075.298,95;38.708.215,95;37.648.509,69;40.200.359,04
Kota Singkawang;6.675.476,41;7.486.609,82;8.223.235,81;9.013.049,66;9.691.384,46;10.228.390,50;10.126.224,98;10.877.846,70
Kotawaringin Barat;11.782.723,45;13.128.563,30;14.578.520,84;16.344.793,95;17.827.431,51;19.332.098,04;20.521.899,85;23.717.795,73
Kotawaringin Timur;15.363.977,48;17.292.454,29;19.622.899,89;22.390.687,01;24.565.446,71;26.809.508,03;26.996.329,66;29.678.169,54
Kapuas;9.597.740,30;10.757.100,16;12.002.852,43;13.561.465,61;15.177.558,35;16.616.838,70;16.544.102,38;18.578.621,10
Barito Selatan;4.079.563,13;4.443.051,75;4.889.187,37;5.410.055,70;5.946.350,99;6.369.126,15;6.277.089,74;6.695.659,26
Barito Utara;6.298.631,69;6.708.086,78;7.358.808,86;8.254.823,99;9.220.709,14;9.801.119,59;9.391.707,30;10.578.538,69
Sukamara;2.619.748,71;2.884.821,94;3.205.097,36;3.579.967,13;3.876.161,30;4.193.483,92;4.422.128,59;4.944.157,76
Lamandau;3.358.803,48;3.661.335,80;4.072.716,06;4.524.346,54;5.005.075,35;5.489.935,61;5.773.834,62;6.566.594,46
Seruyan;5.772.755,43;6.265.127,55;6.909.310,67;7.585.616,30;8.061.833,49;8.552.209,91;8.768.548,77;9.890.066,35
Katingan;4.874.324,07;5.481.002,74;6.127.500,86;6.805.596,05;7.526.197,34;8.223.734,66;8.306.475,72;9.079.209,03
Pulang Pisau;3.222.252,89;3.649.808,11;4.029.798,26;4.435.289,81;4.882.525,05;5.297.948,62;5.588.375,53;5.966.503,47
Gunung Mas;3.378.383,17;3.777.425,18;4.234.268,64;4.694.379,02;5.159.194,47;5.737.900,49;6.274.864,59;7.173.034,44
Barito Timur;4.770.200,89;5.099.025,63;5.627.639,07;6.323.809,97;7.043.149,50;7.548.501,93;7.103.354,77;7.949.947,24
Murung Raya;5.166.412,66;5.581.919,21;6.148.638,05;6.831.135,71;7.612.047,58;8.138.125,22;7.762.811,30;8.901.394,00
Kota Palangka Raya;9.829.642,18;11.289.343,54;12.792.939,98;14.532.145,67;16.603.158,62;18.330.719,52;18.277.196,12;19.649.166,94
Tanah Laut;10.204.693,64;10.801.875,34;11.392.817,74;12.329.412,41;13.241.237,45;13.902.297,08;13.786.685,56;14.755.194,06
Kota Baru;16.993.762,82;18.235.343,43;19.489.362,72;21.336.569,18;22.863.018,51;24.113.346,66;23.959.559,19;25.744.150,73
Banjar;11.456.926,15;12.480.881,96;13.339.967,45;14.411.981,69;15.569.054,28;16.626.075,57;16.528.579,84;17.585.841,49
Barito Kuala;5.516.862,80;6.250.385,18;6.843.250,46;7.444.774,66;8.055.963,53;8.696.327,87;8.710.471,97;9.175.159,45
Tapin;6.141.944,93;6.474.844,85;6.897.021,12;7.430.807,64;7.999.159,37;8.438.249,39;8.393.891,50;9.047.327,43
Hulu Sungai Selatan;4.258.173,45;4.782.062,67;5.198.552,51;5.655.334,31;6.158.256,68;6.555.479,18;6.564.022,41;7.013.108,28
Hulu Sungai Tengah;4.539.833,87;5.135.883,09;5.647.634,82;6.109.980,60;6.579.335,70;7.039.389,04;7.052.349,92;7.387.892,45
Hulu Sungai Utara;3.146.838,42;3.563.517,73;3.865.387,50;4.190.377,35;4.573.844,56;4.940.268,00;4.968.417,63;5.254.120,04
Tabalong;14.737.131,02;14.846.408,40;15.276.908,66;16.211.699,57;17.319.538,88;18.175.413,59;17.744.387,55;19.255.137,28
Tanah Bumbu;15.457.094,32;16.026.156,75;16.559.268,28;17.861.272,06;19.074.223,89;20.036.047,04;19.899.648,32;21.675.982,92
Balangan;9.351.638,56;9.252.727,54;9.418.512,88;10.061.817,36;10.751.678,17;11.027.661,30;10.722.299,39;11.750.376,47
Kota Banjarmasin;20.420.107,17;23.028.080,58;25.294.181,86;27.838.797,46;30.394.019,77;33.012.593,07;32.720.171,40;34.568.648,12
Kota Banjar Baru;5.641.963,85;6.501.430,86;7.171.819,77;7.932.470,34;8.734.149,61;9.701.100,82;9.539.049,35;10.002.083,78
Paser;39.250.901,15;38.309.277,52;37.289.694,49;43.954.254,84;48.054.117,69;48.025.891,19;43.238.165,66;53.995.918,57
Kutai Barat;21.442.756,43;21.298.289,66;22.021.133,01;25.787.193,50;28.353.170,54;29.135.145,30;27.172.544,64;32.092.829,61
Kutai Kartanegara;156.723.063,82;127.151.490,82;127.869.342,84;149.220.000,01;161.920.385,78;162.105.543,95;149.043.577,93;177.318.198,79
Kutai Timur;95.030.362,22;93.539.101,79;95.186.295,59;120.264.728,76;127.935.404,00;133.873.512,60;115.559.861,59;135.378.777,31
Berau;29.366.862,56;30.077.881,90;30.814.337,31;35.656.556,18;37.661.474,14;39.104.693,57;35.449.246,25;43.024.098,02
Penajam Paser Utara;7.589.458,89;7.452.308,72;7.681.674,05;8.480.809,02;8.877.834,10;9.124.942,07;9.052.131,30;10.087.318,41
Mahakam Ulu;1.778.452,02;1.980.622,51;2.142.118,32;2.337.696,08;2.511.282,43;2.718.225,58;2.765.702,01;2.972.544,04
Kota Balikpapan;71.622.700,99;74.346.438,60;80.201.919,72;87.716.528,79;97.699.383,86;105.138.568,10;103.838.750,64;111.318.497,73
Kota Samarinda;48.273.715,39;50.799.587,57;52.647.368,58;58.443.748,71;63.564.686,76;67.604.540,75;66.525.011,43;71.153.222,80
Kota Bontang;59.055.313,39;58.600.855,04;55.239.308,65;58.885.677,79;58.785.886,17;58.006.656,54;55.663.480,47;57.949.557,05
Malinau;6.590.838,11;6.918.591,93;7.288.638,20;8.497.620,25;9.364.802,62;10.618.375,54;11.147.293,93;12.323.481,14
Bulungan;12.854.165,25;12.975.581,41;13.634.741,06;15.265.248,47;16.796.823,01;18.344.046,92;18.718.823,96;20.106.886,91
Tana Tidung;3.796.198,41;3.960.303,92;4.209.730,69;4.753.743,10;5.145.591,47;5.663.548,71;5.802.843,66;6.524.445,00
Nunukan;15.502.783,01;15.517.931,82;16.501.994,36;20.040.898,42;22.576.028,62;25.430.864,44;26.298.112,35;28.841.621,62
Kota Tarakan;19.572.550,03;21.824.569,73;24.386.398,17;28.004.129,76;31.670.824,12;36.266.948,88;38.110.941,87;41.895.725,95
Bolaang Mongondow;4.744.751,79;5.351.101,99;5.947.053,38;6.524.201,18;7.221.430,90;8.030.465,12;8.392.403,20;8.970.178,47
Minahasa;10.788.255,01;12.045.303,15;13.326.819,15;14.496.512,68;15.773.922,44;17.119.637,74;17.427.126,46;18.619.782,32
Kepulauan Sangihe;2.702.304,82;3.028.476,88;3.363.679,48;3.663.011,76;3.931.775,73;4.247.878,03;4.388.557,55;4.798.715,43
Kepulauan Talaud;1.443.735,25;1.608.742,96;1.772.970,15;1.919.783,49;2.048.962,90;2.207.729,55;2.266.563,68;2.421.876,51
Minahasa Selatan;5.302.543,35;6.076.092,12;6.667.584,73;7.344.250,34;7.949.041,78;8.599.650,08;8.780.262,07;9.581.826,32
Minahasa Utara;8.262.499,84;9.388.738,86;10.405.744,19;11.449.667,63;12.623.408,43;13.838.672,96;14.372.458,61;15.712.365,59
Bolaang Mongondow Utara;1.543.372,72;1.720.602,04;1.923.674,72;2.103.357,59;2.282.855,64;2.487.774,70;2.574.188,88;2.727.869,37
Siau Tagulandang Biaro;1.380.749,79;1.572.345,49;1.765.051,27;1.950.875,85;2.160.077,01;2.366.737,63;2.447.459,91;2.626.950,56
Minahasa Tenggara;3.206.191,93;3.609.708,63;3.962.468,07;4.365.550,32;4.713.095,70;5.112.061,18;5.213.518,88;5.623.625,04
Bolaang Mongondow Selatan;1.255.644,26;1.410.468,98;1.576.710,00;1.727.328,66;1.900.606,44;2.083.907,77;2.153.237,67;2.296.392,54
Bolaang Mongondow Timur;1.672.357,48;1.919.087,59;2.207.983,80;2.422.595,92;2.626.467,67;2.878.949,60;3.082.403,60;3.247.097,20
Kota Manado;22.497.621,50;25.554.774,23;28.331.188,95;31.111.634,38;34.200.431,94;37.386.743,27;36.625.744,09;39.533.563,09
Kota Bitung;10.517.424,71;11.634.276,99;12.682.455,27;14.082.679,26;15.163.426,63;16.309.509,56;17.084.995,56;18.677.629,81
Kota Tomohon;2.696.533,71;2.990.563,14;3.222.611,12;3.593.272,53;3.921.193,83;4.290.122,19;4.371.177,86;4.586.612,44
Kota Kotamobagu;2.177.143,39;2.455.609,37;2.718.998,74;2.985.959,48;3.334.652,03;3.694.343,99;3.791.274,78;4.032.277,50
Banggai Kepulauan;2.479.327,06;2.727.662,23;2.997.231,27;3.299.736,46;3.601.970,38;3.865.667,56;3.833.548,05;4.128.834,69
Banggai;11.230.557,26;15.074.130,54;20.879.285,00;23.843.658,69;26.853.265,89;29.527.932,60;27.360.880,10;30.849.355,52
Morowali;7.552.652,61;12.818.240,60;14.533.426,36;17.035.853,36;37.356.484,45;45.349.583,77;62.028.344,27;98.779.807,42
Poso;6.022.259,67;6.688.584,41;7.285.051,51;8.021.441,15;8.687.017,64;9.471.862,45;9.214.474,12;9.932.090,61
Donggala;8.381.222,15;9.344.506,12;9.983.620,54;10.765.789,17;11.260.129,70;12.040.466,70;11.737.411,49;12.558.316,49
Toli-Toli;5.489.820,59;6.081.113,87;6.564.899,37;7.137.848,95;7.866.878,19;8.452.601,36;8.320.823,11;8.901.213,79
Buol;4.175.568,57;4.577.489,73;4.808.971,86;5.146.510,12;5.521.973,16;5.716.683,62;5.637.527,18;6.133.097,36
Parigi Moutong;11.767.485,26;13.261.195,55;14.245.743,00;15.802.166,15;16.971.882,56;17.844.979,60;17.197.683,90;18.458.952,10
Tojo Una-Una;3.869.689,78;4.241.908,58;4.595.223,56;4.989.815,19;5.302.054,69;5.691.846,82;5.586.625,29;5.938.990,44
Sigi;6.119.245,44;6.725.070,73;7.263.948,35;7.876.671,10;8.422.171,97;8.979.021,84;9.030.251,55;9.735.618,28
Banggai Laut;1.517.375,71;1.686.882,20;1.843.187,04;2.006.463,48;2.233.054,88;2.390.825,91;2.372.478,16;2.536.589,26
Morowali Utara;6.618.053,54;7.804.987,52;8.317.377,26;8.968.534,09;10.161.290,28;11.091.330,58;11.160.860,58;13.086.795,27
Kota Palu;15.135.980,91;17.166.195,92;18.570.030,36;20.416.019,12;22.726.172,53;25.033.058,80;24.125.891,06;26.135.954,93
Kepulauan Selayar;3.494.103,60;4.148.368,75;4.666.086,03;5.223.199,38;5.857.277,94;6.444.224,78;6.392.741,35;6.835.395,93
Bulukumba;8.374.049,09;9.568.396,97;10.769.938,29;12.068.741,55;13.198.917,32;14.214.593,94;14.565.486,46;15.868.864,34
Bantaeng;4.963.797,11;5.579.335,48;6.297.397,01;6.942.456,00;7.769.501,82;8.781.044,54;8.970.476,77;10.081.398,85
Jeneponto;6.155.880,02;7.001.194,66;7.849.191,66;8.614.595,11;9.416.911,73;10.089.861,29;10.288.558,63;11.053.253,56
Takalar;5.881.371,02;6.822.494,75;7.750.360,01;8.559.004,60;9.324.821,98;10.157.346,94;10.220.311,17;11.126.106,90
Gowa;12.044.433,41;13.752.085,30;15.471.108,22;17.192.664,10;19.071.982,68;20.938.996,54;21.531.877,32;23.536.837,73
Sinjai;6.484.191,29;7.517.873,68;8.294.879,43;9.138.199,86;10.163.057,33;10.960.624,78;11.325.053,91;12.297.080,12
Maros;13.462.074,92;15.585.841,29;17.861.530,80;19.440.014,72;21.311.332,10;22.717.974,51;18.621.037,74;19.005.611,47
Pangkajene dan Kepulauan;15.970.124,01;18.426.112,44;20.555.568,88;22.293.955,79;23.944.893,26;25.990.178,03;25.662.546,57;27.574.738,39
Barru;4.433.528,97;4.942.362,22;5.458.751,84;5.961.951,15;6.614.101,75;7.271.220,83;7.432.295,76;8.057.257,24
Bone;19.866.945,25;23.296.117,71;26.254.402,04;29.319.723,69;33.120.526,60;36.034.839,17;36.560.640,40;39.369.680,42
Soppeng;6.172.928,59;6.843.608,24;7.895.939,53;8.876.207,02;10.005.938,30;10.938.272,12;11.382.122,02;12.426.781,61
Wajo;13.655.378,05;15.119.010,29;16.544.735,87;17.832.106,02;18.709.890,44;19.838.813,53;19.773.053,62;22.319.744,48
Sidenreng Rappang;8.047.481,60;9.309.292,77;10.741.961,60;11.914.878,78;12.937.370,32;13.893.724,49;14.073.432,74;15.250.127,36
Pinrang;11.366.878,82;13.142.421,55;14.703.754,25;16.360.561,94;18.087.778,99;19.630.319,95;20.083.012,97;21.758.576,93
Enrekang;4.631.503,26;5.240.684,84;5.890.898,31;6.360.506,96;6.719.799,76;7.298.244,01;7.528.639,59;8.204.106,07
Luwu;9.018.397,18;10.362.514,60;11.851.862,13;13.026.830,89;14.441.940,32;15.657.672,08;16.031.067,61;17.839.990,46
Tana Toraja;4.276.116,23;4.907.676,85;5.460.379,59;6.054.907,73;6.824.872,59;7.479.773,62;7.571.142,15;8.087.091,55
Luwu Utara;7.590.616,62;8.697.311,52;9.776.941,87;10.787.078,51;11.999.256,50;13.047.331,17;13.237.249,37;14.408.381,08
Luwu Timur;19.027.930,49;19.216.561,81;17.395.068,40;18.341.283,09;20.393.893,93;20.994.219,79;21.529.809,64;23.614.515,03
Toraja Utara;5.031.503,42;5.886.765,18;6.788.214,99;7.720.936,47;8.696.497,07;9.596.352,48;9.721.428,13;10.344.298,97
Kota Makasar;100.392.977,47;114.412.418,14;128.045.368,71;142.448.701,43;160.207.659,28;178.430.057,22;178.332.992,77;190.318.065,29
Kota Parepare;4.434.865,41;5.062.244,63;5.525.927,00;6.092.581,33;6.602.362,55;7.230.401,13;7.323.651,30;7.825.977,45
Kota Palopo;4.748.586,46;5.351.284,90;5.886.518,12;6.514.938,67;7.285.142,35;7.942.481,04;8.025.289,92;8.714.311,89
Buton;2.559.465,30;2.790.775,36;3.048.271,39;3.285.243,30;3.549.806,49;3.838.522,30;3.816.776,37;3.960.144,26
Muna;4.440.049,38;4.966.139,70;5.455.094,26;5.920.798,17;6.420.780,55;6.928.623,30;6.983.650,85;7.339.680,80
Konawe;5.509.917,19;6.103.266,10;6.655.644,05;7.233.615,88;8.286.262,01;9.514.356,57;10.303.725,67;11.370.364,53
Kolaka;15.291.372,03;16.971.715,83;18.374.426,92;21.337.133,57;23.656.632,04;25.891.406,81;25.550.949,15;27.327.998,36
Konawe Selatan;7.311.022,99;8.341.074,90;9.221.685,82;10.197.998,29;11.170.287,17;12.105.045,68;11.828.419,79;12.600.884,64
Bombana;3.985.950,01;4.508.893,89;4.929.882,91;5.478.862,88;5.896.515,23;6.385.420,45;6.565.753,39;6.897.029,35
Wakatobi;2.575.657,47;2.912.087,96;3.303.672,35;3.629.020,78;3.997.974,59;4.355.854,77;4.429.269,33;4.708.750,58
Kolaka Utara;5.281.040,00;5.891.344,41;6.608.051,53;7.262.120,28;7.955.539,21;8.674.218,43;8.831.478,98;9.165.726,95
Buton Utara;1.979.850,01;2.165.468,32;2.407.383,20;2.644.755,44;2.876.546,92;3.130.904,14;3.211.187,78;3.420.716,92
Konawe Utara;2.435.077,89;2.703.274,78;2.959.426,32;3.263.494,79;3.591.795,67;3.926.028,91;3.966.227,31;4.263.390,99
Kolaka Timur;2.848.511,90;3.142.685,53;3.501.839,53;3.795.898,57;4.065.157,73;4.427.152,31;4.496.336,70;4.834.045,11
Konawe Kepulauan;852.385,85;941.965,26;1.041.454,85;1.152.590,12;1.262.006,84;1.384.400,77;1.398.579,70;1.469.806,83
Muna Barat;1.551.504,02;1.756.361,02;1.967.478,71;2.141.049,79;2.358.289,69;2.589.005,44;2.618.063,13;2.787.120,13
Buton Tengah;1.483.529,28;1.593.269,70;1.799.687,00;1.975.533,47;2.169.779,51;2.337.242,14;2.428.673,50;2.536.097,61
Buton Selatan;1.822.717,03;1.995.437,91;2.235.730,15;2.464.265,38;2.693.687,35;2.905.029,02;2.874.729,80;2.975.771,62
Kota Kendari;13.411.291,19;15.058.257,20;17.066.573,56;18.664.137,00;20.285.726,42;22.153.506,64;22.045.697,95;23.670.769,29
Kota Baubau;5.324.199,82;6.015.520,01;6.776.550,04;7.507.917,74;8.251.064,01;9.037.831,28;9.075.847,22;9.614.976,09
Boalemo;3.263.420,72;3.704.910,85;4.140.199,84;4.534.413,48;4.953.066,88;5.411.181,78;5.491.547,82;5.733.973,89
Gorontalo;7.939.141,16;8.983.340,86;9.993.983,32;10.884.657,23;11.834.516,01;12.880.839,30;13.047.126,64;13.716.792,19
Pohuwato;4.063.823,00;4.569.631,79;5.118.663,70;5.576.607,45;6.083.528,57;6.621.889,02;6.736.628,64;7.055.298,10
Bone Bolango;2.768.335,08;3.137.911,78;3.508.130,52;3.850.320,91;4.201.159,27;4.578.245,84;4.649.221,14;4.875.266,04
Gorontalo Utara;1.990.132,50;2.262.439,95;2.561.091,20;2.806.611,57;3.079.617,49;3.369.049,12;3.429.292,62;3.592.162,90
Kota Gorontalo;5.192.432,48;5.790.744,59;6.466.378,45;7.096.838,22;7.748.239,18;8.452.775,68;8.536.169,62;8.985.857,08
Majene;3.182.499,54;3.483.468,43;3.800.987,80;4.190.428,24;4.612.692,58;4.970.738,55;4.986.822,20;5.204.016,46
Polewali Mandar;8.234.999,17;9.372.150,76;10.314.865,09;11.334.564,97;12.442.690,11;13.369.858,80;13.273.724,99;13.800.704,88
Mamasa;1.932.278,03;2.127.287,13;2.333.178,48;2.533.788,60;2.763.513,22;2.977.766,41;2.991.974,41;3.127.540,27
Mamuju;7.326.937,29;8.216.060,44;9.090.269,25;10.027.449,74;10.999.826,42;11.721.694,55;11.702.466,89;12.433.514,86
Mamuju Utara;6.735.554,23;7.570.780,74;8.043.929,68;8.812.815,95;9.584.654,66;10.094.151,31;10.287.377,93;12.393.037,15
Mamuju Tengah;2.050.683,75;2.301.606,85;2.486.430,74;2.693.678,06;2.974.458,63;3.146.390,86;3.214.529,02;3.564.852,70
Maluku Tenggara Barat;1.714.526,89;1.899.549,94;2.108.957,01;2.291.557,11;2.484.814,22;2.684.243,81;2.712.525,22;2.866.843,99
Maluku Tenggara;2.063.957,23;2.313.213,08;2.499.082,25;2.753.584,70;2.986.767,79;3.225.119,16;3.260.396,32;3.428.436,78
Maluku Tengah;5.920.343,28;6.480.519,86;7.036.810,78;7.554.920,82;8.093.698,98;8.659.718,56;8.719.172,19;9.092.501,41
Buru;1.587.674,68;1.750.787,10;1.911.674,26;2.066.183,13;2.241.801,38;2.404.071,76;2.424.732,26;2.523.983,70
Kepulauan Aru;2.360.612,79;2.618.693,78;2.815.719,65;3.035.439,97;3.252.879,09;3.476.139,55;3.503.735,49;3.668.548,48
Seram Bagian Barat;2.023.154,73;2.230.528,87;2.424.706,05;2.620.026,73;2.810.460,11;3.001.670,99;3.029.729,51;3.173.043,60
Seram Bagian Timur;2.438.914,35;2.208.989,81;2.240.227,93;2.521.150,15;2.850.258,28;2.904.398,46;2.914.079,35;3.174.837,08
Maluku Barat Daya;1.111.671,81;1.188.179,00;1.300.435,71;1.404.693,12;1.521.634,17;1.645.531,83;1.670.538,75;1.737.311,48
Buru Selatan;901.530,27;1.013.697,20;1.112.603,93;1.206.615,92;1.304.710,36;1.405.878,87;1.418.560,52;1.483.552,34
Kota Ambon;9.931.189,68;11.050.724,26;11.994.286,15;12.824.347,29;13.822.431,18;14.808.718,93;14.706.629,91;15.543.018,88
Kota Tual;1.565.984,90;1.758.325,08;1.902.436,72;2.093.661,54;2.275.288,20;2.457.317,31;2.491.340,85;2.621.683,41
Halmahera Barat;1.477.080,95;1.633.878,90;1.786.244,72;1.943.235,19;2.084.519,54;2.242.565,04;2.280.408,91;2.358.083,81
Halmahera Tengah;1.401.238,93;1.543.496,40;1.768.970,74;1.931.454,59;2.195.694,05;2.416.986,73;3.279.887,34;9.616.041,29
Kepulauan Sula;1.608.747,32;1.792.555,77;1.948.343,82;2.117.993,63;2.287.171,22;2.484.456,92;2.508.024,61;2.599.303,30
Halmahera Selatan;3.627.883,95;3.987.187,08;4.359.407,22;5.138.870,90;6.317.524,38;7.221.424,10;8.720.481,00;10.906.291,76
Halmahera Utara;3.727.112,11;4.098.110,41;4.481.164,72;4.960.428,65;5.378.465,88;5.592.458,62;5.705.628,66;6.026.836,82
Halmahera Timur;2.111.730,54;2.316.875,33;2.512.604,25;2.751.599,94;3.206.112,66;3.484.594,74;3.541.486,34;3.903.744,16
Pulau Morotai;967.070,27;1.080.578,75;1.201.896,72;1.318.618,37;1.438.405,88;1.528.461,54;1.579.266,55;1.648.119,99
Pulau Taliabu;879.254,03;969.676,71;1.066.095,94;1.157.176,79;1.325.581,03;1.449.280,97;1.485.486,63;1.717.106,24
Kota Ternate;6.261.528,61;7.094.615,95;7.877.219,49;8.687.261,07;9.687.833,41;10.632.249,58;10.535.199,66;11.027.537,32
Kota Tidore Kepulauan;1.867.949,96;2.082.848,08;2.256.383,99;2.440.999,12;2.660.796,74;2.880.484,17;2.940.811,13;3.030.924,90
Fakfak;3.241.779,63;3.711.530,83;4.078.847,29;4.495.038,30;4.904.662,10;5.263.400,01;5.200.934,32;5.340.478,25
Kaimana;1.775.159,03;1.984.770,00;2.153.068,36;2.366.402,14;2.580.272,03;2.740.004,47;2.699.399,61;2.668.458,79
Teluk Wondama;1.012.726,67;1.098.145,77;1.211.720,13;1.339.523,56;1.450.803,87;1.561.238,50;1.538.381,19;1.559.346,28
Teluk Bintuni;23.027.383,23;23.984.308,20;24.644.843,79;25.877.170,93;28.998.662,89;31.332.444,58;31.006.052,11;31.387.552,91
Manokwari;6.315.938,94;6.962.652,97;7.618.978,16;8.380.671,20;9.159.626,19;9.767.074,92;9.327.745,73;9.807.512,65
Sorong Selatan;1.178.114,76;1.337.486,27;1.481.089,27;1.629.113,26;1.760.316,66;1.908.124,62;1.859.107,07;1.965.129,27
Sorong;8.738.611,41;9.074.373,78;8.941.760,32;9.433.808,46;10.489.106,57;11.066.402,29;10.791.867,40;11.193.968,21
Raja Ampat;2.297.352,04;2.336.435,22;2.416.183,08;2.472.277,55;2.703.433,37;2.960.189,55;2.983.263,57;3.484.325,87
Tambrauw;142.263,15;160.918,55;174.984,60;193.672,86;212.314,68;236.188,78;238.735,82;243.663,22
Maybrat;431.929,08;488.115,70;544.384,47;608.704,42;675.632,09;734.878,72;732.067,73;751.293,99
Manokwari Selatan;553.481,46;608.152,47;648.129,09;697.826,86;757.544,02;844.693,73;832.753,47;861.074,50
Pegunungan Arfak;134.476,87;149.113,47;156.855,95;167.511,35;187.679,91;207.470,35;226.967,77;242.948,00
Kota Sorong;9.279.096,93;10.878.421,38;12.363.348,45;13.821.686,53;15.097.466,21;15.895.710,81;15.639.292,75;15.461.367,00
Merauke;8.898.608,35;10.355.150,54;11.677.522,24;12.880.197,72;14.536.817,92;16.023.135,34;16.037.189,56;16.731.240,86
Jayawijaya;4.755.594,22;5.416.220,09;6.130.625,98;6.802.801,85;7.614.070,79;8.331.539,26;8.269.882,36;8.455.277,80
Jayapura;8.450.279,17;9.976.824,56;11.510.819,41;12.891.148,42;14.531.351,24;16.381.306,12;16.062.753,72;17.177.622,79
Nabire;6.708.979,64;7.707.044,85;8.617.129,06;9.483.997,59;10.340.871,94;11.084.220,05;11.194.890,90;12.044.693,23
Kepulauan Yapen;2.667.422,48;3.012.889,44;3.347.134,84;3.610.759,64;3.907.656,82;4.250.565,02;4.152.741,46;4.485.396,89
Biak Numfor;3.936.316,95;4.526.120,18;5.052.004,12;4.991.922,71;5.183.882,22;5.486.107,53;5.223.669,50;5.495.536,48
Paniai;2.532.722,75;2.917.584,00;3.279.409,05;3.529.979,29;3.894.878,91;4.181.796,55;4.283.393,78;4.446.734,78
Puncak Jaya;903.183,00;1.027.185,63;1.124.021,23;1.207.060,98;1.300.994,67;1.404.627,28;1.387.234,12;1.407.071,97
Mimika;50.328.017,51;54.248.327,96;64.963.006,00;74.227.269,06;85.333.875,01;54.834.540,28;63.393.415,75;95.228.231,20
Boven Digoel;3.186.378,27;3.546.398,56;3.918.084,45;4.264.634,00;4.566.549,78;4.818.163,77;4.821.050,40;4.958.684,10
Mappi;1.686.577,66;1.936.393,54;2.171.824,81;2.428.701,71;2.674.531,74;2.957.682,98;2.995.009,66;3.100.289,82
Asmat;1.483.584,71;1.638.748,62;1.832.209,21;2.038.249,15;2.258.836,80;2.470.834,23;2.569.010,86;2.694.634,31
Yahukimo;1.499.054,88;1.699.631,06;1.845.084,14;2.049.187,57;2.231.866,09;2.422.166,84;2.504.255,58;2.626.037,93
Pegunungan Bintang;1.181.289,92;1.310.493,23;1.470.157,03;1.620.159,59;1.763.242,60;1.913.609,00;1.968.754,16;2.079.566,63
Tolikara;1.018.304,03;1.128.471,47;1.233.926,41;1.346.817,43;1.463.354,55;1.593.214,05;1.672.316,20;1.720.528,85
Sarmi;1.601.475,66;1.840.179,92;2.058.305,17;2.292.218,73;2.534.430,42;2.819.691,88;2.938.839,74;3.113.047,98
Keerom;1.879.997,78;2.120.052,10;2.336.181,86;2.540.848,76;2.701.905,41;2.855.769,65;2.924.343,71;3.070.627,35
Waropen;1.238.678,25;1.417.935,36;1.601.465,36;1.762.695,91;1.916.368,63;2.052.786,84;2.044.761,02;2.117.286,75
Supiori;700.694,21;766.771,41;830.435,39;893.200,62;946.748,46;1.009.182,25;1.042.046,53;1.087.346,71
Mamberamo Raya;871.066,95;1.034.802,29;1.189.023,71;1.333.828,01;1.484.862,81;1.646.546,47;1.722.532,99;1.835.562,16
Nduga;702.778,79;808.012,39;908.485,53;1.019.098,32;1.118.455,39;1.216.569,56;1.269.942,27;1.345.724,47
Lanny Jaya;1.086.950,49;1.235.035,50;1.382.987,55;1.530.443,55;1.676.460,88;1.828.866,55;1.930.042,15;2.020.051,93
Mamberamo Tengah;713.432,59;805.606,90;899.636,12;988.831,57;1.080.533,34;1.163.650,26;1.213.549,36;1.261.727,85
Yalimo;694.590,73;807.430,48;915.638,97;1.007.186,18;1.115.609,90;1.221.433,89;1.283.663,57;1.354.408,92
Puncak;766.328,41;901.981,36;1.029.521,82;1.150.191,15;1.286.280,95;1.400.812,17;1.438.051,20;1.513.264,81
Dogiyai;786.790,44;895.256,93;1.001.944,37;1.098.784,65;1.207.712,89;1.313.231,87;1.355.634,40;1.411.759,29
Intan Jaya;747.916,02;892.078,66;1.020.714,70;1.086.636,90;1.183.785,69;1.248.658,73;1.273.026,86;1.303.563,47
Deiyai;757.720,61;920.963,46;1.063.060,95;1.157.359,22;1.267.399,51;1.389.136,93;1.435.664,55;1.492.901,19
Kota Jayapura;20.559.462,95;23.125.613,62;26.029.777,03;28.117.031,35;30.422.576,27;32.325.747,50;32.032.133,94;33.199.634,45
